condition,image_code,control_construction,sort_order,reason,period,continent,country,building_type,style,caption
AESTHETIC,ARCH_0118,,0,✓ active ; ✓ n 62 ≥ 10; ✓ percentile 6 ≥ P65 = 4.563; ✓ mean 6 ≥ 5,1970-1989,Oceania,Australia,opera house / theatre,Expressionist modernism,"exterior photograph of an opera house, white sail-shaped concrete shells on a stone podium, harbour water with a promenade, city skyline and green park behind, overcast sky, daylight, elevated panoramic view"
AESTHETIC,ARCH_0557,,1,✓ active ; ✓ n 17 ≥ 10; ✓ percentile 6 ≥ P65 = 4.563; ✓ mean 6 ≥ 5,2010-today,Europe,Norway,theatre / concert hall,Contemporary / timber,"exterior photograph of a concert hall, dark glazed box with a large undulating timber-clad roof edge, harbour quay with moored boats and an orange rescue boat, blue sea, blue sky, daylight, elevated perspective view"
AESTHETIC,ARCH_0141,,2,✓ active ; ✓ n 59 ≥ 10; ✓ percentile 5.949 ≥ P65 = 4.563; ✓ mean 5.949 ≥ 5,1970-1989,Europe,France,museum entrance,Late modernism,"exterior photograph of a museum, glass and steel pyramid in a courtyard of an ornate historic stone palace, crowds of visitors, clipped green hedges and lawn in front, pale blue sky, daylight, front view from a distance"
AESTHETIC,ARCH_0590,,3,✓ active ; ✓ n 15 ≥ 10; ✓ percentile 5.867 ≥ P65 = 4.563; ✓ mean 5.867 ≥ 5,2010-today,North America,United States,corporate workplace / conservatory,Contemporary / parametric,"exterior photograph of an office complex, large glass and steel spheres with a pentagonal lattice structure, surrounded by tall glass office towers, street with bicycles and young trees, clear sky, daylight, front view at eye level"
AESTHETIC,ARCH_0457,,4,✓ active ; ✓ n 14 ≥ 10; ✓ percentile 5.857 ≥ P65 = 4.563; ✓ mean 5.857 ≥ 5,1970-1989,Asia,Sri Lanka,temple pavilion,Tropical modernism,"exterior photograph of a buddhist temple, dark timber pavilion with a wide hipped grey tiled roof on a stone platform over a lake, timber deck with a reclining statue in the foreground, row of small gold statues, hazy sky, daylight, front view at eye level"
AESTHETIC,ARCH_0038,,5,✓ active ; ✓ n 61 ≥ 10; ✓ percentile 5.82 ≥ P65 = 4.563; ✓ mean 5.82 ≥ 5,1919-1945,North America,United States,single-family house,Organic architecture,"exterior photograph of a house, cream concrete cantilevered terraces and a stone chimney tower, built over a waterfall, surrounded by bright green trees and lush vegetation, daylight, three-quarter view from below"
AESTHETIC,ARCH_0225,,6,✓ active ; ✓ n 60 ≥ 10; ✓ percentile 5.7 ≥ P65 = 4.563; ✓ mean 5.7 ≥ 5,1990-2009,Middle East,Qatar,museum,Contemporary / Islamic geometric,"photograph of a museum arcade, row of stone arches framing a night city skyline with coloured lights reflected in the water, polished stone floor, evening light, front view at eye level"
AESTHETIC,ARCH_0249,,7,✓ active ; ✓ n 60 ≥ 10; ✓ percentile 5.633 ≥ P65 = 4.563; ✓ mean 5.633 ≥ 5,2010-today,Asia,China,opera house,Parametric / organic,"exterior photograph of a cultural centre, white metal-clad flowing curved volumes with a dark faceted glass section, wide paved plaza with bare young trees and dry grass, deep blue sky, daylight, perspective view at eye level"
AESTHETIC,ARCH_0062,,8,✓ active ; ✓ n 62 ≥ 10; ✓ percentile 5.629 ≥ P65 = 4.563; ✓ mean 5.629 ≥ 5,1946-1969,North America,United States,museum,Organic architecture,"exterior photograph of a museum, white concrete spiral volume with horizontal bands widening upwards, street corner with cars and apartment towers, blue sky, daylight, low-angle three-quarter view"
AESTHETIC,ARCH_0476,,9,✓ active ; ✓ n 16 ≥ 10; ✓ percentile 5.625 ≥ P65 = 4.563; ✓ mean 5.625 ≥ 5,1990-2009,Asia,China,TV tower / infrastructure,Futurism,"photograph of a city skyline across a wide river, television tower with pink spheres among glass skyscrapers, a white river boat in the foreground, hazy sky, daylight, panoramic view from a distance"
AESTHETIC,ARCH_0246,,10,✓ active ; ✓ n 62 ≥ 10; ✓ percentile 5.613 ≥ P65 = 4.563; ✓ mean 5.613 ≥ 5,2010-today,Middle East,Azerbaijan,cultural centre,Parametricism,"exterior photograph of a cultural centre, white flowing curved roof surfaces rising from the ground, wide green lawn in front with a sign, towers on the horizon, sunset light with pink clouds, panoramic view at eye level"
AESTHETIC,ARCH_0014,,11,✓ active ; ✓ n 61 ≥ 10; ✓ percentile 5.574 ≥ P65 = 4.563; ✓ mean 5.574 ≥ 5,1919-1945,Europe,Spain,pavilion,Modern Movement,"exterior photograph of an exhibition pavilion, thin flat roof slab over travertine walls, polished stone and glass panels, shallow reflecting pool with travertine paving, dark green trees behind, evening sky, three-quarter view at eye level"
AESTHETIC,ARCH_0194,,12,✓ active ; ✓ n 61 ≥ 10; ✓ percentile 5.557 ≥ P65 = 4.563; ✓ mean 5.557 ≥ 5,1990-2009,Europe,Spain,airport terminal,High-tech,"interior photograph of an airport terminal, undulating timber ceiling on blue steel branching columns, glass walls, polished floor with passengers and seating, artificial and natural light, front view at eye level"
AESTHETIC,ARCH_0155,,13,✓ active ; ✓ n 60 ≥ 10; ✓ percentile 5.533 ≥ P65 = 4.563; ✓ mean 5.533 ≥ 5,1970-1989,Asia,India,house of worship,Expressionist modernism,"exterior photograph of a temple, white marble petal-shaped shells arranged like a lotus flower on a raised podium with pools, visitors, green shrubs, hazy grey sky, daylight, front view slightly from below"
AESTHETIC,ARCH_0537,,14,✓ active ; ✓ n 17 ≥ 10; ✓ percentile 5.529 ≥ P65 = 4.563; ✓ mean 5.529 ≥ 5,1990-2009,Latin America,Brazil,cable-stayed bridge / infrastructure,Structural engineering,"exterior photograph of a cable-stayed bridge, tall concrete X-shaped pylon with many cables over a river and highway interchange, dense city of towers behind, blue sky with white clouds, daylight, elevated panoramic view"
AESTHETIC,ARCH_0332,,15,✓ active ; ✓ n 18 ≥ 10; ✓ percentile 5.5 ≥ P65 = 4.563; ✓ mean 5.5 ≥ 5,1919-1945,Japan,Japan,parliament,Eclectic modernism,"exterior photograph of a parliament building, symmetrical white stone facade with a central colonnade and a stepped pyramid tower, driveway lined with clipped hedges and large dark green trees, clear blue sky, daylight, front view at eye level"
AESTHETIC,ARCH_0338,,16,✓ active ; ✓ n 16 ≥ 10; ✓ percentile 5.5 ≥ P65 = 4.563; ✓ mean 5.5 ≥ 5,1919-1945,Europe,Italy,single-family house,Rationalism,"aerial photograph of a house, red rendered volume with a stepped roof on a rocky cliff above the sea, pine trees and shrubs on the rocks, deep blue water with a boat, daylight, view from above"
AESTHETIC,ARCH_0507,,17,✓ active ; ✓ n 16 ≥ 10; ✓ percentile 5.5 ≥ P65 = 4.563; ✓ mean 5.5 ≥ 5,1990-2009,Middle East,Oman,mosque,Contemporary Islamic,"exterior photograph of a mosque, white stone walls with pointed arches and a dome, slender white minaret, large polished marble courtyard with visitors, deep blue sky, daylight, perspective view at eye level"
AESTHETIC,ARCH_0529,,18,✓ active ; ✓ n 15 ≥ 10; ✓ percentile 5.467 ≥ P65 = 4.563; ✓ mean 5.467 ≥ 5,1990-2009,Europe,Germany,showroom / event building,Deconstructivism,"exterior night photograph of a showroom, twisting cone-shaped glass and steel volume under a large flowing roof lit with blue and pink lights, dark elevated walkway with small lamps, night sky, eye-level perspective view"
AESTHETIC,ARCH_0198,,19,✓ active ; ✓ n 63 ≥ 10; ✓ percentile 5.46 ≥ P65 = 4.563; ✓ mean 5.46 ≥ 5,1990-2009,Europe,Norway,opera house,Contemporary,"exterior photograph of an opera house, white marble sloping roof planes walked on by visitors, large tilted glass facade, white stage tower, waterfront, clear blue sky, daylight, perspective view at eye level"
AESTHETIC,ARCH_0463,,20,✓ active ; ✓ n 16 ≥ 10; ✓ percentile 5.438 ≥ P65 = 4.563; ✓ mean 5.438 ≥ 5,1970-1989,North America,Canada,museum,Organic / expressionist,"exterior photograph of a museum, curved stone facade with tall piers and dark glazing, sweeping paved terrace with a railing and flower baskets, park with green trees and a river, historic buildings on the far bank, blue sky with white clouds, daylight, wide-angle perspective view"
AESTHETIC,ARCH_0543,,21,✓ active ; ✓ n 16 ≥ 10; ✓ percentile 5.438 ≥ P65 = 4.563; ✓ mean 5.438 ≥ 5,1990-2009,Europe,Portugal,office building,Deconstructivism,"exterior photograph of a building, faceted white concrete volume with folded planes and diagonal bands of blue glass windows, street with thin young trees and a lamp post, blue sky with white clouds, daylight, perspective view at eye level"
AESTHETIC,ARCH_0536,,22,✓ active ; ✓ n 14 ≥ 10; ✓ percentile 5.429 ≥ P65 = 4.563; ✓ mean 5.429 ≥ 5,1990-2009,Japan,Japan,school tower,Contemporary,"exterior photograph of skyscrapers, tall glass tower wrapped in a white diagonal lattice with an oval opening near the top, grey office towers around, small green hill with trees and a road barrier in front, blue sky with white clouds, daylight, low-angle view"
AESTHETIC,ARCH_0300,,23,✓ active ; ✓ n 60 ≥ 10; ✓ percentile 5.417 ≥ P65 = 4.563; ✓ mean 5.417 ≥ 5,2010-today,Europe,Spain,public canopy / market,Parametric / timber,"photograph of a public canopy, large timber waffle lattice structure on thick mushroom-shaped supports shading a paved square, planters with olive trees, benches with people, historic church and buildings behind, blue sky, daylight, low-angle view from under the canopy"
AESTHETIC,ARCH_0250,,24,✓ active ; ✓ n 61 ≥ 10; ✓ percentile 5.41 ≥ P65 = 4.563; ✓ mean 5.41 ≥ 5,2010-today,Asia,China,museum,Parametric / organic,"exterior photograph of a museum, huge rounded volume clad in dark horizontal metal louvres, wide white stone staircase with visitors in front, white hazy sky, daylight, front view from slightly below"
AESTHETIC,ARCH_0097,,25,✓ active ; ✓ n 62 ≥ 10; ✓ percentile 5.403 ≥ P65 = 4.563; ✓ mean 5.403 ≥ 5,1946-1969,Oceania,Australia,single-family house,International Style,"exterior photograph of a single-family house, white box raised on thin steel columns with large framed windows and curtains, stone wall and carport below, tall eucalyptus trees, daylight, front view at eye level"
AESTHETIC,ARCH_0554,,26,✓ active ; ✓ n 15 ≥ 10; ✓ percentile 5.4 ≥ P65 = 4.563; ✓ mean 5.4 ≥ 5,2010-today,Europe,Netherlands,museum / cinema,Contemporary sculptural,"exterior photograph of a film museum, white faceted angular volume with sharp cantilevered edges and a long glass band, on a waterfront across a wide river, apartment building and crane behind, cloudy sky, daylight, side view from a distance"
AESTHETIC,ARCH_0063,,27,✓ active ; ✓ n 62 ≥ 10; ✓ percentile 5.387 ≥ P65 = 4.563; ✓ mean 5.387 ≥ 5,1946-1969,North America,United States,airport terminal,Expressionist modernism,"exterior photograph of an airport terminal, concrete shell roof shaped like wings with long sloping glass walls, empty road with parked cars and a grass verge, deep blue sky, daylight, perspective view at eye level"
AESTHETIC,ARCH_0464,,28,✓ active ; ✓ n 16 ≥ 10; ✓ percentile 5.375 ≥ P65 = 4.563; ✓ mean 5.375 ≥ 5,1970-1989,Europe,France,office building / monument,Late modernism,"exterior photograph of a hollow cube-shaped office monument at the end of a long paved esplanade with steps and benches, rows of clipped plane trees, curved glass towers on both sides, white overcast sky, daylight, front view at eye level"
AESTHETIC,ARCH_0533,,29,✓ active ; ✓ n 15 ≥ 10; ✓ percentile 5.333 ≥ P65 = 4.563; ✓ mean 5.333 ≥ 5,1990-2009,Asia,China,hotel / casino tower,Contemporary,"exterior photograph of a hotel tower, gold glass tower flaring outwards at the top like a flower above a large glass dome podium, casino signs, green trees and a bus stop at street level, clear blue sky, daylight, low-angle view"
AESTHETIC,ARCH_0171,,30,✓ active ; ✓ n 58 ≥ 10; ✓ percentile 5.328 ≥ P65 = 4.563; ✓ mean 5.328 ≥ 5,1990-2009,North America,United States,concert hall,Deconstructivism,"exterior photograph of a concert hall, curved and folded stainless steel panels forming sculptural sails above a stone base, city street intersection with traffic lights, deep blue sky, daylight, perspective view at eye level"
AESTHETIC,ARCH_0354,,31,✓ active ; ✓ n 16 ≥ 10; ✓ percentile 5.313 ≥ P65 = 4.563; ✓ mean 5.313 ≥ 5,1946-1969,Middle East,Turkey,mausoleum,Second National Architectural Movement,"exterior photograph of a mausoleum, rectangular sandstone temple with a row of square pillars under a flat entablature, wide paved ceremonial plaza with many visitors, cloudy sky, daylight, front view from a distance"
AESTHETIC,ARCH_0483,,32,✓ active ; ✓ n 16 ≥ 10; ✓ percentile 5.313 ≥ P65 = 4.563; ✓ mean 5.313 ≥ 5,1990-2009,Europe,Netherlands,bridge / infrastructure,High-tech structural,"exterior photograph of a cable-stayed bridge, tall white bent pylon with fan of cables over a wide brown river, quays and apartment towers behind, clear blue sky, daylight, side view at eye level"
AESTHETIC,ARCH_0471,,33,✓ active ; ✓ n 14 ≥ 10; ✓ percentile 5.286 ≥ P65 = 4.563; ✓ mean 5.286 ≥ 5,1990-2009,Latin America,Chile,office building,Bioclimatic contemporary,"exterior photograph of an office building, curved multi-storey facade with white bands and horizontal strips of green climbing plants, thin roof canopy, trees in front, clear blue sky, daylight, perspective view from below"
AESTHETIC,ARCH_0517,,34,✓ active ; ✓ n 14 ≥ 10; ✓ percentile 5.286 ≥ P65 = 4.563; ✓ mean 5.286 ≥ 5,1990-2009,Asia,China,civic centre,Contemporary,"exterior photograph of a civic centre, huge wavy grey roof on steel columns with yellow and red cylindrical volumes beneath, very large empty paved square with a cyclist, hills behind, blue sky, daylight, front view at eye level"
AESTHETIC,ARCH_0382,,35,✓ active ; ✓ n 15 ≥ 10; ✓ percentile 5.267 ≥ P65 = 4.563; ✓ mean 5.267 ≥ 5,1946-1969,Africa,Egypt,TV tower / infrastructure,Modernism,"exterior photograph of a television tower, slender concrete tower with a diagonal lattice pattern and a spire, riverfront with palm trees, historic buildings and glass towers, a sailing boat on the blue river, clear sky, daylight, front view from a distance"
AESTHETIC,ARCH_0482,,36,✓ active ; ✓ n 15 ≥ 10; ✓ percentile 5.267 ≥ P65 = 4.563; ✓ mean 5.267 ≥ 5,1990-2009,Europe,Czech Republic,office building,Deconstructivism,"exterior photograph of an office building, pair of towers, one of curved glass pinched at the waist on tilted columns and one of rendered concrete with wavy window bands, historic facades along a street with traffic lights and cars, blue sky with white clouds, daylight, low-angle view"
AESTHETIC,ARCH_0104,,37,✓ active ; ✓ n 59 ≥ 10; ✓ percentile 5.254 ≥ P65 = 4.563; ✓ mean 5.254 ≥ 5,1946-1969,Europe,Italy,museum (restoration),Postwar Italian modernism,"exterior photograph of a castle museum, brick crenellated wall and tall brick tower, rendered building with gothic windows and a tiled roof, small green shrub, pale blue sky, daylight, perspective view from above the wall"
AESTHETIC,ARCH_0224,,38,✓ active ; ✓ n 59 ≥ 10; ✓ percentile 5.254 ≥ P65 = 4.563; ✓ mean 5.254 ≥ 5,1990-2009,Asia,Sri Lanka,hotel,Tropical modernism / sustainable,"exterior photograph of a hotel, dark steel and glass floors almost hidden by climbing plants and dense green vegetation, tropical forest and misty hills behind, hazy sky, daylight, elevated view"
AESTHETIC,ARCH_0414,,39,✓ active ; ✓ n 17 ≥ 10; ✓ percentile 5.235 ≥ P65 = 4.563; ✓ mean 5.235 ≥ 5,1946-1969,Latin America,Colombia,office tower,Modernism,"exterior photograph of an office skyscraper, tall slab with dense vertical concrete fins, blue sky with white clouds, daylight, close low-angle view without surrounding context"
AESTHETIC,ARCH_0477,,40,✓ active ; ✓ n 17 ≥ 10; ✓ percentile 5.235 ≥ P65 = 4.563; ✓ mean 5.235 ≥ 5,1990-2009,Japan,Japan,civic centre / offices,Green architecture,"exterior photograph of an office building, glass facade stepping back in terraces covered with trees and shrubs, stone base along a canal with dark water and a railing, city buildings around, evening sky, perspective view at eye level"
AESTHETIC,ARCH_0585,,41,✓ active ; ✓ n 17 ≥ 10; ✓ percentile 5.235 ≥ P65 = 4.563; ✓ mean 5.235 ≥ 5,2010-today,North America,United States,collective housing,Contemporary,"exterior photograph of a residential building, tall sloping triangular pyramid-like block with stepped balconies and an inner glazed courtyard facade, dense city towers behind, river in the foreground, blue sky with clouds, daylight, front view from across the water"
AESTHETIC,ARCH_0213,,42,✓ active ; ✓ n 61 ≥ 10; ✓ percentile 5.23 ≥ P65 = 4.563; ✓ mean 5.23 ≥ 5,1990-2009,Asia,China,opera house / theatre,Contemporary,"exterior photograph of a theatre, huge elliptical dome of titanium panels with a central glass band, surrounded by dark water and a flat green lawn, hazy blue grey sky, daylight, front view from a distance"
AESTHETIC,ARCH_0288,,43,✓ active ; ✓ n 58 ≥ 10; ✓ percentile 5.224 ≥ P65 = 4.563; ✓ mean 5.224 ≥ 5,2010-today,Latin America,Mexico,museum,Parametric / sculptural,"exterior photograph of a museum, curved hourglass-shaped volume covered in shiny silver hexagonal tiles, apartment towers and a glass tower beside it, white overcast sky, daylight, low-angle view"
AESTHETIC,ARCH_0545,,44,✓ active ; ✓ n 18 ≥ 10; ✓ percentile 5.222 ≥ P65 = 4.563; ✓ mean 5.222 ≥ 5,2010-today,Asia,China,TV tower / infrastructure,Contemporary structural,"exterior photograph of a television tower, very tall slender twisted steel lattice tower with a spire, large paved plaza with people and green trees, hazy sky, daylight, front view from a distance"
AESTHETIC,ARCH_0018,,45,✓ active ; ✓ n 60 ≥ 10; ✓ percentile 5.217 ≥ P65 = 4.563; ✓ mean 5.217 ≥ 5,1919-1945,Europe,Switzerland,bridge / infrastructure,Structural modernism,"exterior photograph of a road bridge, slender white concrete arch spanning a deep gorge, dense dark green pine forest and rock face all around, daylight, side view from a distance"
AESTHETIC,ARCH_0527,,46,✓ active ; ✓ n 14 ≥ 10; ✓ percentile 5.214 ≥ P65 = 4.563; ✓ mean 5.214 ≥ 5,1990-2009,Latin America,Colombia,pavilion / botanical garden,Contemporary timber,"photograph of a garden pavilion, hexagonal timber canopies on slender steel columns with woven wooden screens, tropical plants and trees below, bright sky through the openings, daylight, low-angle view from underneath"
AESTHETIC,ARCH_0582,,47,✓ active ; ✓ n 15 ≥ 10; ✓ percentile 5.2 ≥ P65 = 4.563; ✓ mean 5.2 ≥ 5,2010-today,Europe,Portugal,museum,Contemporary,"exterior photograph of a museum, long low curved white volume along a riverbank with a walkable roof, wide river in the foreground with a rowing boat, cloudy sky, daylight, side view from a distance"
AESTHETIC,ARCH_0056,,48,✓ active ; ✓ n 61 ≥ 10; ✓ percentile 5.197 ≥ P65 = 4.563; ✓ mean 5.197 ≥ 5,1946-1969,North America,United States,single-family house,International Style,"exterior photograph of a single-family house, white steel frame with a floating floor and roof slab, glass walls, on pilotis above a green lawn, bare autumn trees behind, overcast sky, daylight, front view"
AESTHETIC,ARCH_0174,,49,✓ active ; ✓ n 61 ≥ 10; ✓ percentile 5.197 ≥ P65 = 4.563; ✓ mean 5.197 ≥ 5,1990-2009,Japan,Japan,retail flagship,Structural expressionism / digital,"exterior photograph of a shop building, tall volume wrapped in a diamond-shaped steel grid with bulging glass panels, city street with small trees and pedestrians, clear sky, daylight, low-angle perspective view"
AESTHETIC,ARCH_0370,,50,✓ active ; ✓ n 16 ≥ 10; ✓ percentile 5.188 ≥ P65 = 4.563; ✓ mean 5.188 ≥ 5,1946-1969,Latin America,Brazil,presidential residence,Brazilian modernism,"exterior photograph of a presidential palace, long low glass volume behind a row of slender curved white concrete columns, reflecting water and dark green lawn in front, dramatic cloudy sky, daylight, perspective view at eye level"
AESTHETIC,ARCH_0387,,51,✓ active ; ✓ n 16 ≥ 10; ✓ percentile 5.188 ≥ P65 = 4.563; ✓ mean 5.188 ≥ 5,1946-1969,North America,United States,airport terminal,Modernism,"exterior photograph of an airport terminal, long sweeping concave concrete roof held by rows of inclined piers, control tower, curved access roads with cars and green verges, pale evening sky, elevated panoramic view"
AESTHETIC,ARCH_0423,,52,✓ active ; ✓ n 16 ≥ 10; ✓ percentile 5.188 ≥ P65 = 4.563; ✓ mean 5.188 ≥ 5,1970-1989,Asia,Taiwan,memorial hall / cultural centre,Modernism with Chinese forms,"exterior photograph of a memorial hall, symmetrical building with sweeping upturned yellow tiled roofs, red walls and a central colonnade, formal garden with clipped hedges and flags, wide paved forecourt, overcast sky, daylight, front view at eye level"
AESTHETIC,ARCH_0452,,53,✓ active ; ✓ n 16 ≥ 10; ✓ percentile 5.188 ≥ P65 = 4.563; ✓ mean 5.188 ≥ 5,1970-1989,Europe,Netherlands,collective housing,Structuralism / experimental housing,"exterior photograph of a housing complex, tilted cube houses clad in yellow and grey panels on concrete pillars over a street, green tree branches in the foreground, blue sky with white clouds, daylight, perspective view from below"
AESTHETIC,ARCH_0472,,54,✓ active ; ✓ n 16 ≥ 10; ✓ percentile 5.188 ≥ P65 = 4.563; ✓ mean 5.188 ≥ 5,1990-2009,Africa,Morocco,mosque,Moroccan contemporary,"exterior photograph of a mosque, very tall square minaret with carved geometric patterns and green tiles, arcaded stone prayer hall with a green tiled roof, dramatic misty sky, warm light, low-angle view"
AESTHETIC,ARCH_0570,,55,✓ active ; ✓ n 16 ≥ 10; ✓ percentile 5.188 ≥ P65 = 4.563; ✓ mean 5.188 ≥ 5,2010-today,Europe,Latvia,library,Contemporary,"exterior photograph of a library, white triangular stepped glass building on the far bank of a wide river, long stone bridge with lamp posts, ornate cast iron railing in the foreground, hazy sky, daylight, panoramic view from a distance"
AESTHETIC,ARCH_0089,,56,✓ active ; ✓ n 60 ≥ 10; ✓ percentile 5.183 ≥ P65 = 4.563; ✓ mean 5.183 ≥ 5,1946-1969,Japan,Japan,museum,Modern Movement,"exterior photograph of a museum, white panelled box raised on thin columns with ribbon windows, reflected in a still pond with small islands and trees, green hills behind, blue sky with clouds, daylight, front view at eye level"
AESTHETIC,ARCH_0503,,57,✓ active ; ✓ n 17 ≥ 10; ✓ percentile 5.176 ≥ P65 = 4.563; ✓ mean 5.176 ≥ 5,1990-2009,Europe,United Kingdom,bridge / infrastructure,High-tech structural,"exterior photograph of a pedestrian bridge, white curved steel arch with cables supporting a curved deck over a river, quays with historic buildings behind, reflections on window glass, daylight, elevated view"
AESTHETIC,ARCH_0289,,58,✓ active ; ✓ n 64 ≥ 10; ✓ percentile 5.172 ≥ P65 = 4.563; ✓ mean 5.172 ≥ 5,2010-today,Latin America,Brazil,museum,Structural expressionism / sustainable,"exterior photograph of a science museum, long white cantilevered roof with ribbed louvres and a large projecting canopy, turquoise reflecting pool, palm trees and city buildings behind, clear blue sky, daylight, perspective view at eye level"
AESTHETIC,ARCH_0268,,59,✓ active ; ✓ n 60 ≥ 10; ✓ percentile 5.15 ≥ P65 = 4.563; ✓ mean 5.15 ≥ 5,2010-today,Europe,Netherlands,art depot / public storage building,Contemporary,"exterior photograph of an art depot, large rounded bowl-shaped volume clad in mirror glass panels reflecting the sky, rooftop trees, park with tall green trees and planting beds, pedestrians and bicycles, blue sky with white clouds, daylight, perspective view at eye level"
AESTHETIC,ARCH_0247,,60,✓ active ; ✓ n 61 ≥ 10; ✓ percentile 5.148 ≥ P65 = 4.563; ✓ mean 5.148 ≥ 5,2010-today,Asia,China,opera house,Parametricism,"exterior photograph of an opera house, angular faceted volumes clad in white panels and a diagonal glass lattice, reflected in a water basin, towers behind, pale overcast sky, daylight, perspective view at eye level"
AESTHETIC,ARCH_0057,,61,✓ active ; ✓ n 62 ≥ 10; ✓ percentile 5.145 ≥ P65 = 4.563; ✓ mean 5.145 ≥ 5,1946-1969,North America,United States,office building,International Style,"exterior photograph of an office skyscraper, dark bronze glass and metal curtain wall tower between lighter office blocks, plaza with small trees and a wide avenue, overcast sky, daylight, front view at eye level"
AESTHETIC,ARCH_0072,,62,✓ active ; ✓ n 59 ≥ 10; ✓ percentile 5.136 ≥ P65 = 4.563; ✓ mean 5.136 ≥ 5,1946-1969,Latin America,Brazil,parliament,Brazilian modernism,"exterior photograph of a government complex, twin concrete towers linked by a bridge, a white dome and an upturned white bowl on a long low base, flat green lawn in front, dark stormy sky with rain, daylight, front view from a distance"
AESTHETIC,ARCH_0350,,63,✓ active ; ✓ n 15 ≥ 10; ✓ percentile 5.133 ≥ P65 = 4.563; ✓ mean 5.133 ≥ 5,1946-1969,North America,United States,single-family house,Mid-century modern,"exterior photograph of a villa, low horizontal volumes with flat roof slabs, glass walls and a stone chimney, turquoise swimming pool and bright green lawn, palm trees and bare desert mountains behind, blue sky, daylight, three-quarter view at eye level"
AESTHETIC,ARCH_0075,,64,✓ active ; ✓ n 62 ≥ 10; ✓ percentile 5.129 ≥ P65 = 4.563; ✓ mean 5.129 ≥ 5,1946-1969,Latin America,Brazil,single-family house,Modern Movement,"exterior photograph of a house, glass box with thin metal frame raised on slender columns, stone path through dense tropical garden with palms and large leaves, overcast sky, daylight, low-angle view"
AESTHETIC,ARCH_0379,,65,✓ active ; ✓ n 16 ≥ 10; ✓ percentile 5.125 ≥ P65 = 4.563; ✓ mean 5.125 ≥ 5,1946-1969,North America,United States,single-family house,Mid-century modern (Case Study House),"exterior photograph of a house, glass pavilion with a thin cantilevered flat roof on a hillside terrace, swimming pool edge, black metal chairs and a red stool, dry grasses and succulents, view over a wide city below, blue sky, daylight, perspective view at eye level"
AESTHETIC,ARCH_0345,,66,✓ active ; ✓ n 17 ≥ 10; ✓ percentile 5.118 ≥ P65 = 4.563; ✓ mean 5.118 ≥ 5,1919-1945,Europe,Italy,public building,Italian Rationalism / monumental,"exterior photograph of a cube-shaped building, white stone facade with rows of identical arches on every floor, dense green trees on both sides and a clipped hedge garden in front, white sky, daylight, front view from a distance"
AESTHETIC,ARCH_0544,,67,✓ active ; ✓ n 17 ≥ 10; ✓ percentile 5.118 ≥ P65 = 4.563; ✓ mean 5.118 ≥ 5,2010-today,Middle East,Georgia,pedestrian bridge / infrastructure,Contemporary,"exterior photograph of a pedestrian bridge, wavy glass and steel canopy over a river, riverbanks with green trees and moored boats, city and hills behind, clear sky, daylight, elevated panoramic view"
AESTHETIC,ARCH_0156,,68,✓ active ; ✓ n 59 ≥ 10; ✓ percentile 5.102 ≥ P65 = 4.563; ✓ mean 5.102 ≥ 5,1970-1989,Asia,Sri Lanka,parliament,Tropical modernism,"exterior photograph of a neoclassical government building, sandstone facade with ionic colonnade, pediment and grand staircase, parked cars, green lawn in front, clear blue sky, daylight, perspective view at eye level"
AESTHETIC,ARCH_0295,,69,✓ active ; ✓ n 60 ≥ 10; ✓ percentile 5.083 ≥ P65 = 4.563; ✓ mean 5.083 ≥ 5,2010-today,Europe,Finland,library,Contemporary / timber,"exterior photograph of a library, curved volume clad in warm spruce timber lifting above a glass ground floor, wide paved square with people and young trees, deep blue sky, daylight, perspective view at eye level"
AESTHETIC,ARCH_0003,,70,✓ active ; ✓ n 62 ≥ 10; ✓ percentile 5.081 ≥ P65 = 4.563; ✓ mean 5.081 ≥ 5,1919-1945,Europe,Germany,school / university,Bauhaus,"exterior photograph of a school building, grey rendered block with vertical lettering, long glass curtain wall wing and white wings with balconies, green lawn with tall grass in front, blue sky with white clouds, daylight, three-quarter view at eye level"
AESTHETIC,ARCH_0230,,71,✓ active ; ✓ n 60 ≥ 10; ✓ percentile 5.067 ≥ P65 = 4.563; ✓ mean 5.067 ≥ 5,1990-2009,Africa,South Africa,stadium,Contemporary,"exterior photograph of a stadium, oval bowl clad in a mosaic of red, orange and brown panels, dry yellow grass field and small trees in front, blue sky with white clouds, daylight, front view from a distance"
AESTHETIC,ARCH_0381,,72,✓ active ; ✓ n 15 ≥ 10; ✓ percentile 5.067 ≥ P65 = 4.563; ✓ mean 5.067 ≥ 5,1946-1969,Europe,Germany,office building / corporate headquarters,International Style,"exterior photograph of an office building, tall slab with horizontal bands of glass and aluminium, slightly tapered sides, lawn with young thin trees in front, blue sky with white clouds, daylight, front low-angle view"
AESTHETIC,ARCH_0546,,73,✓ active ; ✓ n 15 ≥ 10; ✓ percentile 5.067 ≥ P65 = 4.563; ✓ mean 5.067 ≥ 5,2010-today,Europe,Ireland,congress centre,Contemporary,"exterior photograph of a convention centre, tall pale stone-clad block with a tilted curved glass atrium drum on the corner, street with cars and a small tree, blue sky, daylight, low-angle perspective view"
AESTHETIC,ARCH_0274,,74,✓ active ; ✓ n 61 ≥ 10; ✓ percentile 5.066 ≥ P65 = 4.563; ✓ mean 5.066 ≥ 5,2010-today,Oceania,Australia,university building,Deconstructivism,"exterior photograph of a university building, undulating wavy brick facade with protruding square windows, dark green tree branches in the foreground, blue sky with white clouds, daylight, low-angle view"
AESTHETIC,ARCH_0518,,75,✓ active ; ✓ n 16 ≥ 10; ✓ percentile 5.063 ≥ P65 = 4.563; ✓ mean 5.063 ≥ 5,1990-2009,Asia,Taiwan,office tower,Postmodern with Chinese forms,"photograph of a green stepped skyscraper with segmented tiers towering over a dense city of apartment blocks, forested green hill in the foreground, mountains on the horizon, blue sky with white clouds, daylight, elevated view"
AESTHETIC,ARCH_0542,,76,✓ active ; ✓ n 16 ≥ 10; ✓ percentile 5.063 ≥ P65 = 4.563; ✓ mean 5.063 ≥ 5,1990-2009,Europe,Germany,office building,Contemporary,"exterior photograph of a residential tower, white tower with wavy continuous balconies next to a low glazed office block, bare waterfront ground in front, pale hazy sky, daylight, perspective view at eye level"
AESTHETIC,ARCH_0581,,77,✓ active ; ✓ n 16 ≥ 10; ✓ percentile 5.063 ≥ P65 = 4.563; ✓ mean 5.063 ≥ 5,2010-today,Middle East,Saudi Arabia,cultural centre,Contemporary,"exterior photograph of a cultural centre, cluster of smooth rounded pebble-like volumes and a tall rounded tower clad in pale metal ribbons, lawns and a paved path with lamp posts and young palm trees, clear sky, daylight, perspective view at eye level"
AESTHETIC,ARCH_0460,,78,✓ active ; ✓ n 17 ≥ 10; ✓ percentile 5.059 ≥ P65 = 4.563; ✓ mean 5.059 ≥ 5,1970-1989,Asia,Pakistan,mosque,Modernism,"exterior photograph of a mosque, large white tent-like triangular roof between four tall thin pointed minarets, wooded hill on one side, blue sky with white clouds, daylight, front view at eye level"
AESTHETIC,ARCH_0080,,79,✓ active ; ✓ n 59 ≥ 10; ✓ percentile 5.051 ≥ P65 = 4.563; ✓ mean 5.051 ≥ 5,1946-1969,Latin America,Mexico,restaurant / shell structure,Structural expressionism,"exterior photograph of a restaurant, white concrete hyperbolic shells with pointed curved edges and glazed arches, mosaic mural wall, large paved forecourt, trees behind, overcast sky, daylight, front view at eye level"
AESTHETIC,ARCH_0145,,80,✓ active ; ✓ n 57 ≥ 10; ✓ percentile 5.035 ≥ P65 = 4.563; ✓ mean 5.035 ≥ 5,1970-1989,North America,United States,chapel,Organic architecture,"exterior photograph of a chapel, tall slender timber lattice structure with a steep gabled roof and glass walls, dappled sunlight through dense green deciduous forest, dirt path in front, daylight, front view from below"
AESTHETIC,ARCH_0176,,81,✓ active ; ✓ n 58 ≥ 10; ✓ percentile 5.034 ≥ P65 = 4.563; ✓ mean 5.034 ≥ 5,1990-2009,Asia,China,stadium,Structural expressionism,"exterior photograph of a stadium, oval bowl wrapped in an irregular interwoven steel lattice, wide paved path with a grass verge and young trees, blue sky with white clouds, daylight, perspective view at eye level"
AESTHETIC,ARCH_0285,,82,✓ active ; ✓ n 59 ≥ 10; ✓ percentile 5.034 ≥ P65 = 4.563; ✓ mean 5.034 ≥ 5,2010-today,Oceania,New Zealand,museum,Contemporary / timber,"exterior photograph of an art gallery, large timber tree-like canopy with folded roof panels over a glass entrance and pale stone walls, green trees above, city pavement with bollards, daylight, front view at eye level"
AESTHETIC,ARCH_0147,,83,✓ active ; ✓ n 60 ≥ 10; ✓ percentile 5.033 ≥ P65 = 4.563; ✓ mean 5.033 ≥ 5,1970-1989,Latin America,Brazil,church,Brazilian modernism,"exterior photograph of a cathedral, ring of curved white concrete ribs rising to a crown with a cross, bronze statues and visitors on a wide paved plaza with grass strips, separate bell tower, cloudy grey sky, daylight, front view at eye level"
AESTHETIC,ARCH_0088,,84,✓ active ; ✓ n 61 ≥ 10; ✓ percentile 5.033 ≥ P65 = 4.563; ✓ mean 5.033 ≥ 5,1946-1969,Japan,Japan,church,Structural expressionism,"exterior photograph of a cathedral, tall sloping walls clad in silver metal forming a cross shape, slender concrete bell tower, dark green conifers, deep blue sky, daylight, perspective view at eye level"
AESTHETIC,ARCH_0040,,85,✓ active ; ✓ n 62 ≥ 10; ✓ percentile 5.032 ≥ P65 = 4.563; ✓ mean 5.032 ≥ 5,1919-1945,North America,United States,office building,Art Deco,"exterior photograph of a skyscraper, tall stepped stone tower with a spire, between brick and dark city buildings with a street lamp, blue sky with white clouds, daylight, low-angle view"
AESTHETIC,ARCH_0192,,86,✓ active ; ✓ n 60 ≥ 10; ✓ percentile 5.017 ≥ P65 = 4.563; ✓ mean 5.017 ≥ 5,1990-2009,Europe,France,bridge / infrastructure,High-tech structural,"exterior photograph of a viaduct, very long cable-stayed bridge with tall thin masts crossing a valley, rolling green hills, fields and a village with red roofs in the foreground, deep blue sky, daylight, panoramic view from a distance"
AESTHETIC,ARCH_0565,,87,✓ active ; ✓ n 16 ≥ 10; ✓ percentile 5 ≥ P65 = 4.563; ✓ mean 5 ≥ 5,2010-today,Latin America,Panama,museum,Deconstructivism,"exterior photograph of a museum, cluster of brightly coloured folded metal roofs in red, orange, blue, yellow and green over colourful walls, green lawn with tropical shrubs and a small tree, blue sky with clouds, daylight, perspective view at eye level"
AESTHETIC,ARCH_0571,,88,✓ active ; ✓ n 17 ≥ 10; ✓ percentile 5 ≥ P65 = 4.563; ✓ mean 5 ≥ 5,2010-today,Europe,Netherlands,railway station,Contemporary,"exterior photograph of a railway station, sharp angled roof clad in shiny steel sloping over a glass entrance hall with a large sign, wide paved square with cyclists and pedestrians, glass towers behind, blue sky, daylight, perspective view at eye level"
CONTROL,ARCH_0420,type_and_style,0,matched: BuildingType=TV tower / infrastructure | Style=Modernism,1970-1989,Asia,South Korea,TV tower / infrastructure,Modernism,"exterior photograph of a park landscape with a hilltop broadcasting tower in the distance, round white tower building with an observatory dome in the middle ground, dry lawn, winding path and pine trees, clear blue sky, winter daylight, panoramic view at eye level"
CONTROL,ARCH_0046,type_and_style,1,matched: BuildingType=church | Style=Brazilian modernism,1919-1945,Latin America,Brazil,church,Brazilian modernism,"exterior photograph of a church, sequence of parabolic concrete vaults, the largest covered with a blue and white painted tile mural, glazed end walls, paved forecourt, cloudy sky, daylight, side perspective view at eye level"
CONTROL,ARCH_0524,type_and_style,2,matched: BuildingType=collective housing | Style=Contemporary,1990-2009,Europe,Denmark,collective housing,Contemporary,"exterior photograph of a housing complex, two long glass and steel blocks with rows of pointed triangular balconies, large green lawn with young trees in front, cloudy sky, daylight, perspective view at eye level"
CONTROL,ARCH_0167,type_and_style,3,matched: BuildingType=concert hall | Style=Deconstructivism,1990-2009,Europe,Portugal,concert hall,Deconstructivism,"exterior photograph of a concert hall, faceted white concrete polyhedron with large angled glazed openings, city street with trees and lamp posts in the foreground, clear blue sky, daylight, perspective view at eye level"
CONTROL,ARCH_0584,type_and_style,4,matched: BuildingType=congress centre | Style=Contemporary,2010-today,Europe,Italy,congress centre,Contemporary,"exterior photograph of a congress centre, large rectangular box with a full glass curtain wall facade and steel frame edge, cars parked along the street, deep blue sky, strong sunlight, perspective view at eye level"
CONTROL,ARCH_0547,type_and_style,5,matched: BuildingType=cultural centre | Style=Contemporary,2010-today,Latin America,Chile,cultural centre,Contemporary,"exterior photograph of a cultural centre, long low volume with a rusted weathering steel perforated facade and deep overhanging roof, tower with orange top behind, city street with cars, trees and pedestrians, daylight, perspective view at eye level"
CONTROL,ARCH_0552,type_and_style,6,matched: BuildingType=library | Style=Contemporary,2010-today,Japan,Japan,library,Contemporary,"exterior photograph of a library, large white box-shaped volume covered with a regular pattern of small round openings, low glazed entrance canopy, lawn in front, clear blue sky, daylight, perspective view at eye level"
CONTROL,ARCH_0403,type_and_style,7,matched: BuildingType=mosque | Style=Modernism,1946-1969,Asia,Malaysia,mosque,Modernism,"exterior photograph of a mosque, folded star-shaped roof in turquoise tiles, slender white minaret, white perforated screen walls and stairs, palm trees and garden, blue sky with white clouds, daylight, perspective view at eye level"
CONTROL,ARCH_0486,type_and_style,8,matched: BuildingType=museum | Style=Contemporary,1990-2009,Europe,Netherlands,museum,Contemporary,"exterior photograph of a science museum, large ship-shaped volume clad in green copper panels, rising from the water with a sloping roof, footbridge alongside, harbour water in the foreground, daylight, side view from across the water"
CONTROL,ARCH_0258,type_and_style,9,matched: BuildingType=museum | Style=Contemporary / timber,2010-today,Japan,Japan,museum,Contemporary / timber,"exterior photograph of a museum, long box with a white timber lattice facade on a fully glazed ground floor, row of street trees and a wide road in front, blue sky with white clouds, daylight, perspective view at eye level"
CONTROL,ARCH_0172,type_and_style,10,matched: BuildingType=museum | Style=Deconstructivism,1990-2009,Europe,Germany,museum,Deconstructivism,"exterior photograph of a museum, zigzag volume clad in zinc panels with slashed diagonal window cuts, next to a historic building, cobbled path with a white parapet and garden with small trees, daylight, perspective view at eye level"
CONTROL,ARCH_0085,type_and_style,11,matched: BuildingType=museum | Style=Modern Movement,1946-1969,Japan,Japan,museum,Modern Movement,"exterior photograph of a museum, long raised concrete volume with dense vertical louvres on pilotis, fountain and landscaped garden with clipped hedges and flower beds in front, clear blue sky, daylight, perspective view at eye level"
CONTROL,ARCH_0309,type_and_style,12,matched: BuildingType=office building | Style=Art Deco,1919-1945,North America,United States,office building,Art Deco,"exterior photograph of an office skyscraper, tall stepped tower with vertical stone and brick piers and a green pyramid roof, seen down a straight city street with other office buildings, blue sky with white clouds, daylight, perspective view at eye level"
CONTROL,ARCH_0199,type_and_style,13,matched: BuildingType=office building | Style=Contemporary,1990-2009,Europe,Spain,office building,Contemporary,"exterior photograph of a skyscraper, rounded bullet-shaped tower with a skin of blue, red and grey glass louvres and small square windows, clear blue sky, daylight, front view from a distance"
CONTROL,ARCH_0319,type_and_style,14,matched: BuildingType=office building | Style=International Style,1919-1945,North America,United States,office building,International Style,"exterior photograph of an office skyscraper, slender tower with horizontal window bands, dark vertical service core and rooftop letter sign with antenna, dense surrounding high-rise buildings, daylight, elevated view"
CONTROL,ARCH_0041,type_and_style,15,matched: BuildingType=single-family house | Style=International Style,1919-1945,North America,United States,single-family house,International Style,"exterior photograph of a single-family house, white horizontal volumes with bands of blue-framed windows and balconies, emerging from dense trees on a hillside, clear blue sky, daylight, elevated view"
CONTROL,ARCH_0060,type_and_style,16,matched: BuildingType=single-family house | Style=International Style,1946-1969,North America,United States,single-family house,International Style,"exterior photograph of a single-family house, transparent glass box with thin black steel frame and flat roof, on a lawn with a gravel path among autumn trees, daylight, perspective view at eye level"
CONTROL,ARCH_0061,type_and_style,17,matched: BuildingType=single-family house | Style=Mid-century modern (Case Study House),1946-1969,North America,United States,single-family house,Mid-century modern (Case Study House),"exterior photograph of a single-family house, black steel frame with large glass panels and coloured infill panels, surrounded by tall eucalyptus trees and a garden with timber retaining wall, daylight, perspective view at eye level"
CONTROL,ARCH_0012,type_and_style,18,matched: BuildingType=single-family house | Style=Modern Movement,1919-1945,Europe,Czech Republic,single-family house,Modern Movement,"exterior photograph of a single-family villa, long low white volume with horizontal ribbon windows and flat roof, set on a sloping lawn among autumn trees, daylight, perspective view from below"
CONTROL,ARCH_0540,type_and_style,19,matched: BuildingType=stadium | Style=Contemporary,1990-2009,Africa,South Africa,stadium,Contemporary,"exterior photograph of a stadium, large white steel arch spanning over the stands, white tensile roof and glazed facade, road and landscaped roundabout in front, blue sky with white clouds, daylight, perspective view at eye level"
CONTROL,ARCH_0117,type_only,20,matched (relaxed to BuildingType): BuildingType=TV tower / infrastructure,1946-1969,Europe,Russia,TV tower / infrastructure,Soviet structural modernism,"exterior photograph of a television tower, very tall slender concrete shaft with antenna, seen above a mixed city skyline with apartment blocks, chimneys and railway yards, blue sky with white clouds, daylight, panoramic view from a long distance"
CONTROL,ARCH_0409,type_only,21,matched (relaxed to BuildingType): BuildingType=TV tower / infrastructure,1946-1969,Latin America,Brazil,TV tower / infrastructure,Modernism,"exterior photograph of a television tower, tall steel lattice mast rising from a raised concrete platform on four curved legs, grass lawn in front, blue sky with white clouds, daylight, low-angle front view"
CONTROL,ARCH_0052,type_only,22,matched (relaxed to BuildingType): BuildingType=bridge / infrastructure,1919-1945,Oceania,Australia,bridge / infrastructure,Structural engineering,"exterior photograph of a bridge, large steel arch with a deck suspended below and stone pylons at both ends, wide harbour water in the foreground and city towers behind, blue sky with white clouds, daylight, side panoramic view from the water"
CONTROL,ARCH_0501,type_only,23,matched (relaxed to BuildingType): BuildingType=bridge / infrastructure,1990-2009,Europe,Denmark,bridge / infrastructure,Structural engineering,"exterior photograph of a cable-stayed bridge, long steel deck on concrete piers with tall concrete pylons and fan-shaped cables, flat sea in the foreground, hazy sky, daylight, side view from the water"
CONTROL,ARCH_0487,type_only,24,matched (relaxed to BuildingType): BuildingType=bridge / infrastructure,1990-2009,Asia,China,bridge / infrastructure,Structural engineering,"exterior photograph of a suspension bridge in the distance with tall towers and cables, long concrete viaduct on high piers in the foreground, forested hills and apartment blocks, overcast sky, daylight, elevated panoramic view"
CONTROL,ARCH_0489,type_only,25,matched (relaxed to BuildingType): BuildingType=bridge / infrastructure,1990-2009,Japan,Japan,bridge / infrastructure,Structural engineering,"exterior photograph of a suspension bridge in the distance with a tall steel tower and cables, low-rise residential neighbourhood and a grassy mound in the middle ground, large ceramic urns on a rooftop in the foreground, blue sky with white clouds, daylight, elevated panoramic view"
CONTROL,ARCH_0484,type_only,26,matched (relaxed to BuildingType): BuildingType=chapel,1990-2009,North America,United States,chapel,Phenomenological modernism,"exterior photograph of a chapel, tinted concrete box with several curved roof light volumes of different heights, long reflecting pool and paved walkway with a bench in front, trees, daylight, perspective view at eye level"
CONTROL,ARCH_0135,type_only,27,matched (relaxed to BuildingType): BuildingType=church,1970-1989,Europe,Austria,church,Brutalism / sculptural,"exterior photograph of a church, irregular stacked composition of large concrete blocks with tall narrow glazed gaps, on a grassy hilltop with trees, blue sky with white clouds, daylight, perspective view at eye level"
CONTROL,ARCH_0140,type_only,28,matched (relaxed to BuildingType): BuildingType=collective housing,1970-1989,Europe,France,collective housing,Postmodernism,"exterior photograph of a housing complex, curved block of prefabricated concrete with giant fluted columns of glass and a classical portico opening, stepped lawn terraces in front, blue sky with white clouds, daylight, wide-angle front view from below"
CONTROL,ARCH_0428,type_only,29,matched (relaxed to BuildingType): BuildingType=cultural centre,1970-1989,Europe,Sweden,cultural centre,Late modernism,"exterior photograph of a cultural centre, long multi-storey glass curtain wall facade with horizontal bands and large banners, concrete rooftop elements, wet pedestrian street with benches, overcast sky, daylight, perspective view at eye level"
CONTROL,ARCH_0227,type_only,30,matched (relaxed to BuildingType): BuildingType=hotel,1990-2009,Middle East,United Arab Emirates,hotel,Contemporary / structural expressionism,"exterior photograph of a hotel tower, tall white sail-shaped tower with a curved steel exoskeleton, seen behind palm trees and low buildings along a canal, daylight, perspective view from a distance at eye level"
CONTROL,ARCH_0231,type_only,31,matched (relaxed to BuildingType): BuildingType=library,1990-2009,Latin America,Colombia,library,Contemporary / social architecture,"exterior photograph of a library, three large dark stone-clad angular volumes like boulders with small scattered openings, on a green hillside with trees, clear blue sky, daylight, low-angle view from a distance"
CONTROL,ARCH_0359,type_only,32,matched (relaxed to BuildingType): BuildingType=mausoleum,1946-1969,Middle East,Iran,mausoleum,Modernism with Persian references,"exterior photograph of a mausoleum tower, tall open concrete tower of twelve slender vertical ribs rising to a conical stone cap, rough stone walls in the foreground, clear blue sky, daylight, low-angle view"
CONTROL,ARCH_0595,type_only,33,matched (relaxed to BuildingType): BuildingType=mosque,2010-today,Africa,Algeria,mosque,Contemporary,"exterior photograph of a mosque, tall square minaret tower and a long portico of repeated pointed arches in light stone, wide paved courtyard with benches and small trees, clear blue sky, daylight, wide-angle perspective view at eye level"
CONTROL,ARCH_0480,type_only,34,matched (relaxed to BuildingType): BuildingType=museum,1990-2009,Japan,Japan,museum,Minimalism,"exterior photograph of a museum, long low rectangular volumes of frosted glass and dark stone panels on a raised podium with a curved terrace, grass slope in the foreground, overcast sky, daylight, perspective view at eye level from a distance"
CONTROL,ARCH_0574,type_only,35,matched (relaxed to BuildingType): BuildingType=museum,2010-today,North America,United States,museum,Contemporary / parametric veil,"exterior photograph of a museum, box-shaped volume wrapped in a white honeycomb concrete screen lifted at one corner over a glazed entrance, street intersection with traffic lights, daylight, perspective view at eye level"
CONTROL,ARCH_0234,type_only,36,matched (relaxed to BuildingType): BuildingType=museum,1990-2009,Latin America,Brazil,museum,Paulista Brutalism,"exterior photograph of a museum, long flat raw concrete slab spanning over a sunken paved plaza with steps and a metal handrail, trees and street behind, daylight, perspective view from above the plaza"
CONTROL,ARCH_0448,type_only,37,matched (relaxed to BuildingType): BuildingType=museum,1970-1989,North America,United States,museum,Late modernism / white modernism,"exterior photograph of a museum, white enamelled metal panel volumes with a curved quarter-circle glazed atrium and long entrance ramp, green lawn in front, daylight, perspective view at eye level"
CONTROL,ARCH_0142,type_only,38,matched (relaxed to BuildingType): BuildingType=museum,1970-1989,Europe,Germany,museum,Deconstructivism,"exterior photograph of a museum, white rendered sculptural volumes with curved ramps and tilted zinc-clad roof boxes, large lawn in front, blue sky with white clouds, daylight, perspective view at eye level"
CONTROL,ARCH_0212,type_only,39,matched (relaxed to BuildingType): BuildingType=museum,1990-2009,Asia,China,museum,Critical regionalism / recycled materials,"exterior photograph of a museum, large sloping walls built of recycled grey tiles and bricks with small irregular openings, trees and paved street with parked cars, blue sky with white clouds, daylight, perspective view at eye level"
CONTROL,ARCH_0337,type_only,40,matched (relaxed to BuildingType): BuildingType=office building / corporate headquarters,1919-1945,Europe,Czech Republic,office building / corporate headquarters,Functionalism,"exterior photograph of an office and exhibition complex, low red brick volumes with a large banner and a glazed corner, tall red brick and glass tower behind, wide paved square, cloudy sky, daylight, perspective view at eye level"
CONTROL,ARCH_0100,type_only,41,matched (relaxed to BuildingType): BuildingType=office building,1946-1969,Europe,Italy,office building,Modernism,"exterior photograph of an office skyscraper, slender tapered glass and aluminium tower with a thin roof slab, city street with parked cars and a historic brick building, blue sky with white clouds, daylight, perspective view at eye level"
CONTROL,ARCH_0081,type_only,42,matched (relaxed to BuildingType): BuildingType=office building,1946-1969,Latin America,Mexico,office building,International Style,"exterior photograph of a skyscraper, slender glass and steel tower with stepped setbacks and a tall antenna spire, busy pedestrian street with trees and older stone buildings, daylight, perspective view at eye level"
CONTROL,ARCH_0293,type_only,43,matched (relaxed to BuildingType): BuildingType=office building,2010-today,North America,United States,office building,Sustainable architecture (Living Building),"exterior photograph of an office building, six-storey glass and white panel facade with a large overhanging solar panel roof, street corner with bare trees and overhead cables, daylight, low-angle perspective view"
CONTROL,ARCH_0538,type_only,44,matched (relaxed to BuildingType): BuildingType=office tower,1990-2009,Asia,China,office tower,Contemporary,"exterior photograph of a skyscraper, very tall tapering glass tower with a trapezoidal opening at the top, next to a stepped tiered tower, dense high-rise city below, hazy sky, daylight, elevated view from a distance"
CONTROL,ARCH_0368,type_only,45,matched (relaxed to BuildingType): BuildingType=office tower,1946-1969,Oceania,Australia,office tower,International Style,"exterior photograph of an office tower, rectangular glass curtain wall slab with a regular grid of blue and grey panels, park with lawn and tall palm trees in front, overcast sky, daylight, front view at eye level from a distance"
CONTROL,ARCH_0253,type_only,46,matched (relaxed to BuildingType): BuildingType=opera house / theatre,2010-today,Asia,Taiwan,opera house / theatre,Digital / topological architecture,"exterior photograph of a theatre, box-shaped volume with curved white concrete walls with circular holes and large glass curtain walls, lawn and driveway in front, residential towers behind, daylight, perspective view at eye level"
CONTROL,ARCH_0522,type_only,47,matched (relaxed to BuildingType): BuildingType=opera house,1990-2009,Europe,Spain,opera house,Structural expressionism,"exterior photograph of an opera house, curved white concrete shells and a large sweeping steel crest over a rounded volume, palm trees and garden in front, apartment blocks behind, dusk light, perspective view at eye level"
CONTROL,ARCH_0374,type_only,48,matched (relaxed to BuildingType): BuildingType=parliament,1946-1969,Asia,China,parliament,Socialist classicism,"exterior photograph of a parliament building, long symmetrical colonnaded stone facade with a flat roof, huge open public square with crowds and an obelisk, trees in the foreground, daylight with thin clouds, elevated panoramic view from a distance"
CONTROL,ARCH_0202,type_only,49,matched (relaxed to BuildingType): BuildingType=parliament,1990-2009,Europe,United Kingdom,parliament,Deconstructivism / organic,"exterior photograph of a parliament building, layered facade of stone, timber and steel with irregular framed windows and projecting timber screens, entrance canopy with steel and timber beams, flags and wet paved plaza, overcast sky, daylight, perspective view at eye level"
CONTROL,ARCH_0121,type_only,50,matched (relaxed to BuildingType): BuildingType=parliament,1970-1989,Asia,Bangladesh,parliament,Monumental modernism,"exterior photograph of a parliament building, massive raw concrete cylinders and blocks with large triangular and circular openings and marble inlay lines, reflecting pool and brick paving in front, daylight, perspective view at eye level"
CONTROL,ARCH_0280,type_only,51,matched (relaxed to BuildingType): BuildingType=pavilion,2010-today,Europe,United Kingdom,pavilion,Contemporary / timber,"exterior photograph of a pavilion, wide circular timber roof with triangular lattice pattern on a central support, curved blue wall of triangular blocks, set in a park lawn with trees, daylight, perspective view at eye level"
CONTROL,ARCH_0027,type_only,52,matched (relaxed to BuildingType): BuildingType=public building,1919-1945,Europe,Italy,public building,Italian Rationalism,"exterior photograph of a public building, white rectangular block with a regular grid of open frames and recessed glazing, fence in the foreground and wooded hill behind, daylight, front view at eye level"
CONTROL,ARCH_0322,type_only,53,matched (relaxed to BuildingType): BuildingType=railway station,1919-1945,North America,United States,railway station,Art Deco,"exterior photograph of a railway station, symmetrical sand-coloured stone facade with stepped massing and large dark glazed openings, lawn and planted strip along a path, overcast sky, daylight, front perspective view at eye level"
CONTROL,ARCH_0189,type_only,54,matched (relaxed to BuildingType): BuildingType=school / university,1990-2009,Europe,Germany,school / university,Minimalism,"exterior photograph of a school building, cubic exposed concrete volume with irregularly placed square windows of different sizes, flat roof, dry meadow in front, blue sky with white clouds, daylight, low-angle corner view"
CONTROL,ARCH_0304,type_only,55,matched (relaxed to BuildingType): BuildingType=single-family house,1919-1945,Europe,Germany,single-family house,Bauhaus,"exterior photograph of a single-family house, simple white rendered cubic volume with flat roof, raised central part and small square windows, gravel ground and large trees, daylight, corner perspective view at eye level"
CONTROL,ARCH_0153,type_only,56,matched (relaxed to BuildingType): BuildingType=single-family house,1970-1989,Japan,Japan,single-family house,Minimalism / critical regionalism,"exterior photograph of a small house, blank exposed concrete facade with visible formwork tie holes and a single recessed doorway, narrow urban plot between neighbouring houses, daylight, front view at eye level"
CONTROL,ARCH_0306,type_only,57,matched (relaxed to BuildingType): BuildingType=single-family house,1919-1945,Europe,France,single-family house,Modern Movement,"exterior photograph of a villa, stepped white rendered cubic volumes with flat roof terraces and horizontal windows, lawn with clipped shrubs and a path, daylight, perspective view at eye level"
CONTROL,ARCH_0029,type_only,58,matched (relaxed to BuildingType): BuildingType=stadium,1919-1945,Europe,Italy,stadium,Structural modernism,"photograph of a football stadium, curved open stands of grey seats around a green pitch, tall slender concrete tower with a flagpole, floodlight masts and distant hills, clear blue sky, daylight, wide panoramic view from the stands"
CONTROL,ARCH_0223,type_only,59,matched (relaxed to BuildingType): BuildingType=theatre / concert hall,1990-2009,Asia,Singapore,theatre / concert hall,Contemporary,"exterior photograph of a theatre complex, two rounded domes covered with a dense pattern of triangular metal sunshades, waterfront promenade with trees, high-rise towers behind, overcast sky, daylight, panoramic view from across the water"
CONTROL,ARCH_0287,type_only,60,matched (relaxed to BuildingType): BuildingType=university building,2010-today,Oceania,Australia,university building,Contemporary / sustainable,"exterior photograph of a university building, rectangular block clad in a grid of translucent glass discs, glass towers and older buildings along a city street, clear blue sky, daylight, perspective view at eye level"
CONTROL,ARCH_0588,random_fill,61,matched: random fill,2010-today,Europe,Spain,arts centre,Contemporary,"exterior photograph of an arts centre, rounded elongated volume clad in pale ceramic discs raised on slender columns, external stair and glazed ground floor, waterfront lawn with people walking, dusk light, perspective view at eye level"
CONTROL,ARCH_0360,random_fill,62,matched: random fill,1946-1969,Japan,Japan,cultural centre / hotel,Japanese modernism,"exterior photograph of a cultural centre, low horizontal concrete building with long balconies and railings on several floors, traditional garden with shrubs and rocks in front, daylight, perspective view at eye level"
CONTROL,ARCH_0264,random_fill,63,matched: random fill,2010-today,Europe,Germany,museum entrance building,Contemporary classicism,"exterior photograph of a museum entrance building, white stone colonnade of slender square pillars on a plinth with a wide staircase, next to a historic neoclassical building, visitors on the street, blue sky with white clouds, daylight, perspective view at eye level"
CONTROL,ARCH_0245,random_fill,64,matched: random fill,2010-today,Asia,Taiwan,theatre,Contemporary,"exterior photograph of a theatre, large silver sphere and white box volumes plugged into a glazed central cube raised on columns, striped paved plaza and trees, blue sky with white clouds, daylight, perspective view at eye level"
CONTROL,ARCH_0589,random_fill,65,matched: random fill,2010-today,Europe,Denmark,cultural centre / experience house,Contemporary,"exterior photograph of an experience centre, stacked white tiled cubic volumes with stepped roof terraces and a large exterior staircase, giant red, yellow and blue brick sculptures on a plaza with people, clear blue sky, daylight, perspective view at eye level"
CONTROL,ARCH_0020,random_fill,66,matched: random fill,1919-1945,Europe,Netherlands,factory,Nieuwe Bouwen / functionalism,"exterior black and white photograph of a factory, long multi-storey white concrete and glass curtain wall volumes with a curved glazed corner tower and rooftop lettering, trees in front, overcast sky, daylight, perspective view at eye level"
CONTROL,ARCH_0504,random_fill,67,matched: random fill,1990-2009,Japan,Japan,waste incineration plant,Expressionist / decorative,"exterior photograph of an incineration plant, colourful facade with painted patterns, irregular windows and small towers, tall striped chimney with a golden sphere on top, wide road and trees in front, clear blue sky, daylight, perspective view at eye level"
CONTROL,ARCH_0238,random_fill,68,matched: random fill,2010-today,Europe,Denmark,waste-to-energy plant with ski slope,Contemporary industrial,"exterior photograph of a power plant, huge sloping facade of stacked grey aluminium bricks with a climbing wall running up the side, steam rising from the chimney, overcast sky, daylight, close low-angle view"
CONTROL,ARCH_0342,random_fill,69,matched: random fill,1919-1945,Middle East,Israel,power station,International Style industrial,"exterior photograph of a power station, white horizontal building with a tall striped red and white chimney, pier in the sea in the foreground, blue sky with white clouds, daylight, side view from the water"
CONTROL,ARCH_0125,random_fill,70,matched: random fill,1970-1989,Europe,United Kingdom,distribution centre / warehouse,High-tech,"exterior photograph of a warehouse, long flat roof suspended from yellow steel masts and tension rods, car park and lawns alongside, flat open landscape, daylight, aerial view from above"
CONTROL,ARCH_0137,random_fill,71,matched: random fill,1970-1989,Europe,Czech Republic,hotel and TV transmitter,Late modernism / structural,"exterior photograph of a tower building, curved facade with metal panels and ribbon windows under a wide circular cantilevered roof, access ramp with railings, covered in frost and snow, clear blue sky, daylight, close perspective view at eye level"
CONTROL,ARCH_0371,random_fill,72,matched: random fill,1946-1969,Japan,Japan,broadcasting tower / infrastructure,Structural steel,"exterior photograph of a broadcasting tower, tall red and white steel lattice tower with observation decks, rising above a dense city of office buildings, hazy sky, daylight, elevated view from a distance"
CONTROL,ARCH_0559,random_fill,73,matched: random fill,2010-today,Oceania,Australia,sports arena,Contemporary,"exterior photograph of a sports arena, faceted angular volumes clad in blue and silver triangular panels with a large cantilevered entrance canopy, street with cars and trees, evening light with pink clouds, perspective view at eye level"
CONTROL,ARCH_0129,random_fill,74,matched: random fill,1970-1989,Europe,United Kingdom,collective housing and arts centre,Brutalism,"exterior photograph of a housing complex, long raw concrete terraces with balconies and planters, row of barrel-vaulted glass roofs, residential towers behind, paved courtyard with a planter, daylight, perspective view at eye level"
CONTROL,ARCH_0397,random_fill,75,matched: random fill,1946-1969,Japan,Japan,hotel,Metabolism,"exterior photograph of a hotel, layered concrete structure of stacked horizontal floors and a vertical stair tower, topped by a pointed tent-like roof, pine trees in the foreground, daylight, perspective view at eye level"
CONTROL,ARCH_0078,random_fill,76,matched: random fill,1946-1969,Latin America,Mexico,library,Mexican modernism,"exterior photograph of a library, tall windowless block entirely covered with a colourful stone mosaic mural, glazed base, large lawn with trees in front, blue sky with white clouds, daylight, front view at eye level"
CONTROL,ARCH_0499,random_fill,77,matched: random fill,1990-2009,Europe,Germany,mixed-use complex,High-tech,"exterior photograph of a mixed-use complex, glass and stone office blocks with a rounded glass tower, wide city street with young trees, traffic and signs, bright overcast sky, daylight, perspective view at eye level"
CONTROL,ARCH_0109,random_fill,78,matched: random fill,1946-1969,Europe,United Kingdom,university building,Postwar modernism / proto-high-tech,"exterior photograph of a university building, red brick and glass tower with angled cantilevered base, sawtooth glazed roofs in the foreground, daylight, low-angle view"
CONTROL,ARCH_0358,random_fill,79,matched: random fill,1946-1969,Japan,Japan,concert hall,Japanese modernism,"exterior photograph of a concert hall, long low volume with glazed ground floor and a large pale block above, patterned screen wall on one side, empty asphalt car park in front, daylight, front view at eye level from a distance"
CONTROL,ARCH_0365,random_fill,80,matched: random fill,1946-1969,Asia,China,factory complex (now art district),Industrial Bauhaus-derived,"exterior photograph of a factory building converted to galleries, three-storey red painted brick block with rows of windows and shop signs at ground level, street with people and trees, dusk light with lit shop windows, perspective view at eye level"
CONTROL,ARCH_0113,random_fill,81,matched: random fill,1946-1969,Europe,Spain,collective housing,Organic brutalism,"exterior photograph of a residential tower, raw concrete cylindrical shafts with rounded cantilevered balconies stacked in layers, clear blue sky, daylight, close low-angle view"
CONTROL,ARCH_0116,random_fill,82,matched: random fill,1946-1969,Europe,Serbia,museum,Yugoslav modernism,"exterior photograph of a museum, white stone cladding with a zigzag roofline of crystalline volumes and skylights, glazed ground floor band and entrance canopy with stairs, paved forecourt and lawn, daylight, front view at eye level"
CONTROL,ARCH_0048,random_fill,83,matched: random fill,1919-1945,Asia,China,hotel,Art Deco,"exterior photograph of a hotel tower, dark brown brick facade with stepped setbacks and a rounded base, rows of small windows, shop signs at street level and overhead cables, hazy sky, daylight, low-angle view"
CONTROL,ARCH_0422,random_fill,84,matched: random fill,1970-1989,Europe,United Kingdom,housing and retail,Brutalism,"exterior photograph of a housing and shopping complex, long stepped terraces of cream concrete with glazed conservatories and tall ventilation towers, city street with pedestrians and parked cars, blue sky with white clouds, daylight, perspective view at eye level"
CONTROL,ARCH_0551,random_fill,85,matched: random fill,2010-today,Africa,Rwanda,hospital,Contemporary,"exterior photograph of a hospital, long low buildings with rough grey volcanic stone walls and small windows, sloping lawn with young trees, paved path and planting, blue sky with white clouds, daylight, perspective view at eye level"
CONTROL,ARCH_0083,random_fill,86,matched: random fill,1946-1969,Latin America,Argentina,bank / office building,Brutalism,"exterior photograph of a bank building, raw concrete facade with deep vertical fins and rounded window openings, glass curtain wall sections between, daylight, close low-angle view without surrounding context"
CONTROL,ARCH_0193,random_fill,87,matched: random fill,1990-2009,Europe,United Kingdom,corporate headquarters and production facility,High-tech,"exterior photograph of a corporate building, long curved glass facade with thin white columns under a projecting flat roof edge, reed bed and lake in the foreground, trees behind, overcast sky, daylight, perspective view at eye level"
CONTROL,ARCH_0369,random_fill,88,matched: random fill,1946-1969,Europe,Denmark,collective housing,Danish modernism,"exterior photograph of a courtyard house, low single-storey yellow brick walls with a chimney and small windows, mono-pitched roof, lawn and pine trees with ivy, daylight, perspective view at eye level"
