image_code,condition,brightness,contrast,saturation,colorfulness,warmth,sharpness,detail,sky_brightness,dark_share,bright_share,interior,cars,low_angle,urban,vintage_photo,people,greenery,real_photo,water,whole_building,sunny,curved_organic,concrete,iconic_design,contemporary,monumental,glass,complex_form,colourful,wood,white
ARCH_0118,AESTHETIC,0,0,0,0,0,0,0,,,,0,0,0,1,0,0,1,1,1,0,0,1,1,0,0,0,0,0,0,0,1
ARCH_0557,AESTHETIC,0,0,0,0,0,0,0,,,,0,0,0,0,0,0,0,1,1,0,0,1,0,0,0,0,1,0,0,1,0
ARCH_0141,AESTHETIC,0,0,0,0,0,0,0,,,,0,0,0,0,0,1,1,1,0,0,0,0,0,0,0,0,1,0,0,0,0
ARCH_0590,AESTHETIC,0,0,0,0,0,0,0,,,,0,0,0,0,0,0,1,1,0,0,0,1,0,0,0,0,1,0,0,0,0
ARCH_0457,AESTHETIC,0,0,0,0,0,0,0,,,,0,0,0,0,0,0,0,1,1,0,0,0,0,0,0,0,0,0,0,1,0
ARCH_0038,AESTHETIC,1,0,0,0,0,0,0,,,,0,0,1,0,0,0,1,1,0,0,0,0,1,0,0,0,0,0,0,0,0
ARCH_0225,AESTHETIC,0,0,0,0,0,0,0,,,,0,0,0,1,0,0,0,1,1,0,0,1,0,0,0,0,0,0,0,0,0
ARCH_0249,AESTHETIC,0,0,0,0,0,0,0,,,,0,0,0,0,0,0,1,1,0,0,0,1,0,0,0,0,1,1,0,0,1
ARCH_0062,AESTHETIC,0,0,0,0,0,0,0,,,,0,1,1,0,0,0,0,1,0,0,0,0,1,0,0,0,0,0,0,0,1
ARCH_0476,AESTHETIC,0,0,0,0,0,0,0,,,,0,0,0,1,0,0,0,1,1,0,0,1,0,0,0,0,1,0,0,0,1
ARCH_0246,AESTHETIC,0,0,0,0,0,0,0,,,,0,0,0,0,0,0,1,1,0,0,0,1,0,0,0,0,0,0,0,0,1
ARCH_0014,AESTHETIC,0,0,0,0,0,0,0,,,,0,0,0,0,0,0,1,1,1,0,0,0,0,0,0,0,1,0,0,0,0
ARCH_0194,AESTHETIC,0,0,0,0,0,0,0,,,,1,0,0,0,0,0,0,1,0,0,0,1,0,0,0,0,1,0,0,1,0
ARCH_0155,AESTHETIC,0,0,0,0,0,0,0,,,,0,0,1,0,0,1,1,1,1,0,0,1,0,0,0,0,0,0,0,0,1
ARCH_0537,AESTHETIC,0,0,0,0,0,0,0,,,,0,0,0,1,0,0,0,1,1,0,0,0,1,0,0,0,0,0,0,0,1
ARCH_0332,AESTHETIC,0,0,0,0,0,0,0,,,,0,0,0,0,0,0,1,1,0,0,0,0,0,0,0,0,0,0,0,0,1
ARCH_0338,AESTHETIC,0,0,0,0,0,0,0,,,,0,0,0,0,0,0,1,1,1,0,0,0,0,0,0,0,0,0,0,0,0
ARCH_0507,AESTHETIC,0,0,0,0,0,0,0,,,,0,0,0,0,0,1,0,1,0,0,0,1,0,0,0,0,0,0,0,0,1
ARCH_0529,AESTHETIC,0,0,0,0,0,0,0,,,,0,0,0,0,0,0,0,1,0,0,0,0,0,0,0,0,1,0,0,0,0
ARCH_0198,AESTHETIC,0,0,0,0,0,0,0,,,,0,0,0,0,0,1,0,1,1,0,0,0,0,0,0,0,1,0,0,0,1
ARCH_0463,AESTHETIC,0,0,0,0,0,0,0,,,,0,0,0,0,0,0,1,1,1,0,0,1,0,0,0,0,1,0,0,0,1
ARCH_0543,AESTHETIC,0,0,0,0,0,0,0,,,,0,0,0,0,0,0,1,1,0,0,0,0,1,0,0,0,1,1,0,0,1
ARCH_0536,AESTHETIC,0,0,0,0,0,0,0,,,,0,0,1,0,0,0,1,1,0,0,0,1,0,0,0,0,1,0,0,0,1
ARCH_0300,AESTHETIC,0,0,0,0,0,0,0,,,,0,0,1,0,0,1,1,1,0,0,0,0,0,0,0,0,0,0,0,1,0
ARCH_0250,AESTHETIC,0,0,0,0,0,0,0,,,,0,0,0,0,0,1,0,1,0,0,0,1,0,0,0,0,0,0,0,0,1
ARCH_0097,AESTHETIC,0,0,0,0,0,0,0,,,,0,0,0,0,0,0,1,1,0,0,0,0,0,0,0,0,0,0,0,0,1
ARCH_0554,AESTHETIC,0,0,0,0,0,1,0,,,,0,0,0,0,0,0,0,1,1,0,0,0,0,0,0,0,1,1,0,0,1
ARCH_0063,AESTHETIC,0,0,0,0,0,0,0,,,,0,1,0,0,0,0,1,1,0,0,0,1,1,0,0,0,1,0,0,0,0
ARCH_0464,AESTHETIC,0,0,0,0,0,0,0,,,,0,0,0,0,0,0,1,1,0,0,0,1,0,0,0,0,1,0,0,0,1
ARCH_0533,AESTHETIC,0,0,0,0,0,0,0,,,,0,0,1,0,0,0,1,1,0,0,0,1,0,0,0,0,1,0,0,0,0
ARCH_0171,AESTHETIC,0,0,0,0,0,0,0,,,,0,0,0,1,0,0,0,1,0,0,0,1,0,0,0,0,0,1,0,0,0
ARCH_0354,AESTHETIC,0,0,0,0,0,0,0,,,,0,0,0,0,0,1,0,1,0,0,0,0,0,0,0,0,0,0,0,0,0
ARCH_0483,AESTHETIC,0,0,0,0,0,0,0,,,,0,0,0,0,0,0,0,1,1,0,0,0,0,0,0,0,0,0,0,0,1
ARCH_0471,AESTHETIC,0,0,0,0,0,0,0,,,,0,0,1,0,0,0,1,1,0,0,0,1,0,0,0,0,0,0,0,0,1
ARCH_0517,AESTHETIC,0,0,0,0,0,0,0,,,,0,0,0,0,0,0,0,1,0,0,0,1,0,0,0,0,0,0,0,0,0
ARCH_0382,AESTHETIC,0,0,0,0,0,0,0,,,,0,0,0,0,0,0,1,1,1,0,0,0,1,0,0,0,1,0,0,0,0
ARCH_0482,AESTHETIC,0,0,0,0,0,0,0,,,,0,1,1,0,0,0,0,1,0,0,0,1,1,0,0,0,1,0,0,0,1
ARCH_0104,AESTHETIC,0,0,0,0,0,0,0,,,,0,0,0,0,0,0,1,1,0,0,0,0,0,0,0,0,0,0,0,0,0
ARCH_0224,AESTHETIC,0,0,0,0,0,0,0,,,,0,0,0,0,0,0,1,1,0,0,0,0,0,0,0,0,1,0,0,0,0
ARCH_0414,AESTHETIC,0,0,0,0,0,0,0,,,,0,0,1,0,0,0,0,1,0,0,0,0,1,0,0,0,0,0,0,0,1
ARCH_0477,AESTHETIC,0,0,0,0,0,0,0,,,,0,0,0,1,0,0,1,1,1,0,0,0,0,0,0,0,1,0,0,0,0
ARCH_0585,AESTHETIC,0,0,0,0,0,0,0,,,,0,0,0,1,0,0,0,1,1,0,0,0,0,0,0,0,1,0,0,0,0
ARCH_0213,AESTHETIC,0,0,0,0,0,0,0,,,,0,0,0,0,0,0,1,1,1,0,0,1,0,0,0,0,1,0,0,0,0
ARCH_0288,AESTHETIC,0,0,0,0,0,0,0,,,,0,0,1,0,0,0,0,1,0,0,0,1,0,0,0,0,1,0,0,0,1
ARCH_0545,AESTHETIC,0,0,0,0,0,0,0,,,,0,0,0,0,0,1,1,1,0,0,0,0,0,0,0,0,0,0,0,0,0
ARCH_0018,AESTHETIC,0,0,0,0,0,0,0,,,,0,0,0,0,0,0,1,1,0,0,0,0,1,0,0,0,0,0,0,0,1
ARCH_0527,AESTHETIC,1,0,0,0,0,0,0,,,,0,0,1,0,0,0,1,1,0,0,0,0,0,0,0,0,0,0,0,1,0
ARCH_0582,AESTHETIC,0,0,0,0,0,0,0,,,,0,0,0,0,0,0,0,1,1,0,0,1,0,0,0,0,0,0,0,0,1
ARCH_0056,AESTHETIC,0,0,0,0,0,0,0,,,,0,0,0,0,0,0,1,1,0,0,0,0,0,0,0,0,1,0,0,0,1
ARCH_0174,AESTHETIC,0,0,0,0,0,0,0,,,,0,0,1,1,0,1,1,1,0,0,0,0,0,0,0,0,1,0,0,0,0
ARCH_0370,AESTHETIC,0,0,0,0,0,0,0,,,,0,0,0,0,0,0,1,1,1,0,0,1,1,0,0,0,1,0,0,0,1
ARCH_0387,AESTHETIC,0,0,0,0,0,0,0,,,,0,1,0,0,0,0,0,1,0,0,0,1,1,0,0,0,0,0,0,0,0
ARCH_0423,AESTHETIC,0,0,0,0,0,0,0,,,,0,0,0,0,0,0,1,1,0,0,0,0,0,0,0,0,0,0,0,0,0
ARCH_0452,AESTHETIC,0,0,0,0,0,0,0,,,,0,0,1,0,0,0,1,1,0,0,0,0,1,0,0,0,0,0,0,0,1
ARCH_0472,AESTHETIC,0,0,0,0,1,0,0,,,,0,0,1,0,0,0,0,1,0,0,0,0,0,0,0,0,0,0,0,0,0
ARCH_0570,AESTHETIC,0,0,0,0,0,0,0,,,,0,0,0,0,0,0,0,1,1,0,0,0,0,0,0,0,1,0,0,0,1
ARCH_0089,AESTHETIC,0,0,0,0,0,0,0,,,,0,0,0,0,0,0,1,1,1,0,0,0,0,0,0,0,0,0,0,0,1
ARCH_0503,AESTHETIC,0,0,0,0,0,0,0,,,,0,0,0,0,0,1,0,1,1,0,0,1,0,0,0,0,1,0,0,0,1
ARCH_0289,AESTHETIC,0,0,0,0,0,0,0,,,,0,0,0,1,0,0,1,1,1,0,0,0,0,0,0,0,0,0,0,0,1
ARCH_0268,AESTHETIC,0,0,0,0,0,0,0,,,,0,0,0,0,0,1,1,1,0,0,0,1,0,0,0,0,1,0,0,0,1
ARCH_0247,AESTHETIC,0,0,0,0,0,0,0,,,,0,0,0,0,0,0,0,1,1,0,0,0,0,0,0,0,1,1,0,0,1
ARCH_0057,AESTHETIC,0,0,0,0,0,0,0,,,,0,0,0,0,0,0,1,1,0,0,0,0,0,0,0,0,1,0,0,0,0
ARCH_0072,AESTHETIC,0,0,0,0,0,0,0,,,,0,0,0,0,0,0,1,1,0,0,0,1,1,0,0,0,0,0,0,0,1
ARCH_0350,AESTHETIC,1,0,0,0,0,0,0,,,,0,0,0,0,0,0,1,1,1,0,0,0,0,0,0,0,1,0,0,0,0
ARCH_0075,AESTHETIC,0,0,0,0,0,0,0,,,,0,0,1,0,0,0,1,1,0,0,0,0,0,0,0,0,1,0,0,0,0
ARCH_0379,AESTHETIC,0,0,0,0,0,0,0,,,,0,0,0,1,0,0,0,1,1,0,0,0,0,0,0,0,1,0,0,0,0
ARCH_0345,AESTHETIC,0,0,0,0,0,0,0,,,,0,0,0,0,0,0,1,1,0,0,0,1,0,0,0,0,0,0,0,0,1
ARCH_0544,AESTHETIC,0,0,0,0,0,0,0,,,,0,0,0,1,0,1,1,1,1,0,0,0,0,0,0,0,1,0,0,0,0
ARCH_0156,AESTHETIC,0,0,0,0,0,0,0,,,,0,1,0,0,0,0,1,1,0,0,0,0,0,0,0,0,0,0,0,0,0
ARCH_0295,AESTHETIC,0,0,0,0,1,0,0,,,,0,0,0,0,0,1,1,1,0,0,0,1,0,0,0,0,1,0,0,1,0
ARCH_0003,AESTHETIC,0,0,0,0,0,0,0,,,,0,0,0,0,0,0,1,1,0,0,0,0,0,0,0,0,1,0,0,0,1
ARCH_0230,AESTHETIC,0,0,0,0,0,0,0,,,,0,0,0,0,0,0,1,1,0,0,0,1,0,0,0,0,0,0,0,0,1
ARCH_0381,AESTHETIC,0,0,0,0,0,0,0,,,,0,0,1,0,0,0,1,1,0,0,0,0,0,0,0,0,1,0,0,0,1
ARCH_0546,AESTHETIC,0,0,0,0,0,0,0,,,,0,1,1,0,0,0,1,1,0,0,0,1,0,0,0,0,1,0,0,0,0
ARCH_0274,AESTHETIC,0,0,0,0,0,0,0,,,,0,0,1,0,0,0,1,1,0,0,0,1,0,0,0,0,0,0,0,0,1
ARCH_0518,AESTHETIC,0,0,0,0,0,0,0,,,,0,0,0,1,0,0,0,1,0,0,0,0,0,0,0,0,0,0,0,0,1
ARCH_0542,AESTHETIC,0,0,0,0,0,0,0,,,,0,0,0,0,0,0,0,1,1,0,0,0,0,0,0,0,1,0,0,0,1
ARCH_0581,AESTHETIC,0,0,0,0,0,0,0,,,,0,0,0,0,0,0,1,1,0,0,0,1,0,0,0,0,0,0,0,0,0
ARCH_0460,AESTHETIC,0,0,0,0,0,0,0,,,,0,0,0,0,0,0,0,1,0,0,0,0,0,0,0,0,0,0,0,0,1
ARCH_0080,AESTHETIC,0,0,0,0,0,0,0,,,,0,0,0,0,0,0,1,1,0,0,0,1,1,0,0,0,1,0,0,0,1
ARCH_0145,AESTHETIC,0,0,0,0,0,0,0,,,,0,0,1,0,0,0,1,1,0,0,1,0,0,0,0,0,1,0,0,1,0
ARCH_0176,AESTHETIC,0,0,0,0,0,0,0,,,,0,0,0,0,0,0,1,1,0,0,0,1,0,0,0,0,0,1,0,0,1
ARCH_0285,AESTHETIC,0,0,0,0,0,0,0,,,,0,0,0,1,0,0,1,1,0,0,0,0,0,0,0,0,1,0,0,1,0
ARCH_0147,AESTHETIC,0,0,0,0,0,0,0,,,,0,0,0,0,0,1,1,1,0,0,0,1,1,0,0,0,0,0,0,0,1
ARCH_0088,AESTHETIC,0,0,0,0,0,0,0,,,,0,0,0,0,0,0,0,1,0,0,0,0,1,0,0,0,0,0,0,0,0
ARCH_0040,AESTHETIC,0,0,0,0,0,0,0,,,,0,0,1,1,0,0,0,1,0,0,0,0,0,0,0,0,0,0,0,0,1
ARCH_0192,AESTHETIC,0,0,0,0,0,0,0,,,,0,0,0,0,0,0,0,1,0,0,0,0,0,0,0,0,0,0,0,0,0
ARCH_0565,AESTHETIC,1,0,0,1,0,0,0,,,,0,0,0,0,0,0,1,1,0,0,0,0,0,0,0,0,0,0,1,0,0
ARCH_0571,AESTHETIC,0,0,0,0,0,1,0,,,,0,0,0,0,0,1,0,1,0,0,0,0,0,0,0,0,1,0,0,0,0
ARCH_0420,CONTROL,0,0,0,0,0,0,0,,,,0,0,0,0,0,0,1,1,0,0,0,1,0,0,0,0,0,0,0,0,1
ARCH_0046,CONTROL,0,0,0,0,0,0,0,,,,0,0,0,0,0,0,0,1,0,0,0,0,1,0,0,0,1,0,0,0,1
ARCH_0524,CONTROL,0,0,0,0,0,0,0,,,,0,0,0,0,0,0,1,1,0,0,0,0,0,0,0,0,1,0,0,0,0
ARCH_0167,CONTROL,0,0,0,0,0,0,0,,,,0,0,0,1,0,0,1,1,0,0,0,0,1,0,0,0,1,1,0,0,1
ARCH_0584,CONTROL,0,0,0,0,0,0,0,,,,0,1,0,0,0,0,0,1,0,0,1,0,0,0,0,0,1,0,0,0,0
ARCH_0547,CONTROL,0,0,0,0,0,0,0,,,,0,1,0,1,0,1,1,1,0,0,0,0,0,0,0,0,0,0,0,0,0
ARCH_0552,CONTROL,0,0,0,0,0,0,0,,,,0,0,0,0,0,0,1,1,0,0,0,1,0,0,0,0,1,0,0,0,1
ARCH_0403,CONTROL,0,0,0,0,0,0,0,,,,0,0,0,0,0,0,1,1,0,0,0,0,0,0,0,0,0,0,0,0,1
ARCH_0486,CONTROL,0,0,0,0,0,0,0,,,,0,0,0,0,0,0,0,1,1,0,0,0,0,0,0,0,0,0,0,0,0
ARCH_0258,CONTROL,0,0,0,0,0,0,0,,,,0,0,0,0,0,0,1,1,0,0,0,0,0,0,0,0,1,0,0,1,1
ARCH_0172,CONTROL,0,0,0,0,0,0,0,,,,0,0,0,0,0,0,1,1,0,0,0,0,0,0,0,0,0,0,0,0,1
ARCH_0085,CONTROL,0,0,0,0,0,0,0,,,,0,0,0,0,0,0,1,1,0,0,0,0,1,0,0,0,0,0,0,0,0
ARCH_0309,CONTROL,0,0,0,0,0,0,0,,,,0,0,0,1,0,0,0,1,0,0,0,0,0,0,0,0,0,0,0,0,1
ARCH_0199,CONTROL,0,0,0,0,0,0,0,,,,0,0,0,0,0,0,0,1,0,0,0,1,0,0,0,0,1,0,0,0,0
ARCH_0319,CONTROL,0,0,0,0,0,0,0,,,,0,0,0,0,0,0,0,1,0,0,0,0,0,0,0,0,0,0,0,0,0
ARCH_0041,CONTROL,0,0,0,0,0,0,0,,,,0,0,0,0,0,0,1,1,0,0,0,0,0,0,0,0,0,0,0,0,1
ARCH_0060,CONTROL,0,0,0,0,0,0,0,,,,0,0,0,0,0,0,1,1,0,0,0,0,0,0,0,0,1,0,0,0,0
ARCH_0061,CONTROL,0,0,0,0,0,0,0,,,,0,0,0,0,0,0,1,1,0,0,0,0,0,0,0,0,1,0,0,1,0
ARCH_0012,CONTROL,0,0,0,0,0,0,0,,,,0,0,1,0,0,0,1,1,0,0,0,0,0,0,0,0,0,0,0,0,1
ARCH_0540,CONTROL,0,0,0,0,0,0,0,,,,0,0,0,0,0,0,1,1,0,0,0,0,0,0,0,0,1,0,0,0,1
ARCH_0117,CONTROL,0,0,0,0,0,0,0,,,,0,0,0,1,0,0,0,1,0,0,0,0,1,0,0,0,0,0,0,0,1
ARCH_0409,CONTROL,0,0,0,0,0,0,0,,,,0,0,1,0,0,0,1,1,0,0,0,1,1,0,0,0,0,0,0,0,1
ARCH_0052,CONTROL,0,0,0,0,0,0,0,,,,0,0,0,1,0,0,0,1,1,0,0,0,0,0,0,0,0,0,0,0,1
ARCH_0501,CONTROL,0,0,0,0,0,0,0,,,,0,0,0,0,0,0,0,1,1,0,0,0,1,0,0,0,0,0,0,0,0
ARCH_0487,CONTROL,0,0,0,0,0,0,0,,,,0,0,0,0,0,0,0,1,0,0,0,0,1,0,0,0,0,0,0,0,0
ARCH_0489,CONTROL,0,0,0,0,0,0,0,,,,0,0,0,0,0,0,1,1,0,0,0,0,0,0,0,0,0,0,0,0,1
ARCH_0484,CONTROL,0,0,0,0,0,0,0,,,,0,0,0,0,0,0,1,1,1,0,0,1,1,0,0,0,0,0,0,0,0
ARCH_0135,CONTROL,0,0,0,0,0,0,0,,,,0,0,0,0,0,0,1,1,0,0,0,0,1,0,0,0,1,1,0,0,1
ARCH_0140,CONTROL,0,0,0,0,0,0,0,,,,0,0,1,0,0,0,1,1,0,0,0,1,1,0,0,0,1,0,0,0,1
ARCH_0428,CONTROL,0,0,0,0,0,0,0,,,,0,0,0,0,0,1,0,1,0,0,0,0,1,0,0,0,1,0,0,0,0
ARCH_0227,CONTROL,0,0,0,0,0,0,0,,,,0,0,0,0,0,0,1,1,1,0,0,1,0,0,0,0,0,0,0,0,1
ARCH_0231,CONTROL,0,0,0,0,0,0,0,,,,0,0,1,0,0,0,1,1,0,0,0,0,0,0,0,0,0,0,0,0,0
ARCH_0359,CONTROL,0,0,0,0,0,0,0,,,,0,0,1,0,0,0,0,1,0,0,0,0,1,0,0,0,0,0,0,0,0
ARCH_0595,CONTROL,0,0,0,0,0,0,0,,,,0,0,0,0,0,0,1,1,0,0,0,1,0,0,0,0,0,0,0,0,0
ARCH_0480,CONTROL,0,0,0,0,0,0,0,,,,0,0,0,0,0,0,1,1,0,0,0,1,0,0,0,0,1,0,0,0,0
ARCH_0574,CONTROL,0,0,0,0,0,0,0,,,,0,0,0,0,0,0,0,1,0,0,0,0,1,0,0,0,1,0,0,0,1
ARCH_0234,CONTROL,0,0,0,0,0,0,0,,,,0,0,0,0,0,0,1,1,0,0,0,0,1,0,0,0,0,0,0,0,0
ARCH_0448,CONTROL,0,0,0,0,0,0,0,,,,0,0,0,0,0,0,1,1,0,0,0,1,0,0,0,0,1,0,0,0,1
ARCH_0142,CONTROL,0,0,0,0,0,0,0,,,,0,0,0,0,0,0,1,1,0,0,0,1,0,0,0,0,0,1,0,0,1
ARCH_0212,CONTROL,0,0,0,0,0,0,0,,,,0,1,0,0,0,0,1,1,0,0,0,0,0,0,0,0,0,1,0,0,1
ARCH_0337,CONTROL,0,0,0,0,0,0,0,,,,0,0,0,0,0,0,0,1,0,0,0,0,0,0,0,0,1,0,0,0,0
ARCH_0100,CONTROL,0,0,0,0,0,0,0,,,,0,1,0,1,0,0,0,1,0,0,0,0,0,0,0,0,1,0,0,0,1
ARCH_0081,CONTROL,0,0,0,0,0,0,0,,,,0,0,0,0,0,1,1,1,0,0,0,0,0,0,0,0,1,0,0,0,0
ARCH_0293,CONTROL,0,0,0,0,0,0,0,,,,0,0,1,0,0,0,1,1,0,0,0,0,0,0,0,0,1,0,0,0,1
ARCH_0538,CONTROL,0,0,0,0,0,0,0,,,,0,0,0,1,0,0,0,1,0,0,0,0,0,0,0,0,1,0,0,0,0
ARCH_0368,CONTROL,0,0,0,0,0,0,0,,,,0,0,0,0,0,0,1,1,0,0,0,0,0,0,0,0,1,0,0,0,0
ARCH_0253,CONTROL,0,0,0,0,0,0,0,,,,0,0,0,0,0,0,1,1,0,0,0,1,1,0,0,0,1,0,0,0,1
ARCH_0522,CONTROL,0,0,0,0,0,0,0,,,,0,0,0,0,0,0,1,1,0,0,0,1,1,0,0,0,0,0,0,0,1
ARCH_0374,CONTROL,0,0,0,0,0,0,0,,,,0,0,0,0,0,1,1,1,0,0,0,0,0,0,0,0,0,0,0,0,0
ARCH_0202,CONTROL,0,0,0,0,0,0,0,,,,0,0,0,0,0,0,0,1,0,0,0,0,0,0,0,0,0,1,0,1,0
ARCH_0121,CONTROL,0,0,0,0,0,0,0,,,,0,0,0,0,0,0,0,1,1,0,0,1,1,0,0,1,0,0,0,0,0
ARCH_0280,CONTROL,0,0,0,0,0,0,0,,,,0,0,0,0,0,0,1,1,0,0,0,1,0,0,0,0,0,0,0,1,0
ARCH_0027,CONTROL,0,0,0,0,0,0,0,,,,0,0,0,0,0,0,0,1,0,0,0,0,0,0,0,0,1,0,0,0,1
ARCH_0322,CONTROL,0,0,0,0,0,0,0,,,,0,0,0,0,0,0,1,1,0,0,0,0,0,0,0,0,1,0,0,0,0
ARCH_0189,CONTROL,0,0,0,0,0,0,0,,,,0,0,1,0,0,0,0,1,0,0,0,0,1,0,0,0,0,0,0,0,1
ARCH_0304,CONTROL,0,0,0,0,0,0,0,,,,0,0,0,0,0,0,1,1,0,0,0,0,0,0,0,0,0,0,0,0,1
ARCH_0153,CONTROL,0,0,0,0,0,0,0,,,,0,0,0,1,0,0,0,1,0,0,0,0,1,0,0,0,0,0,0,0,0
ARCH_0306,CONTROL,0,0,0,0,0,0,0,,,,0,0,0,0,0,0,1,1,0,0,0,0,0,0,0,0,0,0,0,0,1
ARCH_0029,CONTROL,0,0,0,0,0,0,0,,,,0,0,0,0,0,0,0,1,0,0,0,1,1,0,0,0,0,0,0,0,0
ARCH_0223,CONTROL,0,0,0,0,0,0,0,,,,0,0,0,0,0,0,1,1,1,0,0,1,0,0,0,0,0,0,0,0,0
ARCH_0287,CONTROL,0,0,0,0,0,0,0,,,,0,0,0,1,0,0,0,1,0,0,0,0,0,0,0,0,1,0,0,0,0
ARCH_0588,CONTROL,0,0,0,0,0,0,0,,,,0,0,0,0,0,1,1,1,1,0,0,1,0,0,0,0,1,0,0,0,0
ARCH_0360,CONTROL,0,0,0,0,0,0,0,,,,0,0,0,0,0,0,1,1,0,0,0,0,1,0,0,0,0,0,0,0,0
ARCH_0264,CONTROL,0,0,0,0,0,0,0,,,,0,0,0,0,0,1,0,1,0,0,0,0,0,0,0,0,0,0,0,0,1
ARCH_0245,CONTROL,0,0,0,0,0,0,0,,,,0,0,0,0,0,0,1,1,0,0,0,1,0,0,0,0,1,0,0,0,1
ARCH_0589,CONTROL,0,0,0,0,0,0,0,,,,0,0,0,0,0,1,0,1,0,0,0,0,0,0,0,0,0,0,0,0,1
ARCH_0020,CONTROL,0,0,0,0,0,0,0,,,,0,0,0,0,1,0,1,1,0,0,0,1,1,0,0,0,1,0,0,0,1
ARCH_0504,CONTROL,0,0,0,1,0,0,0,,,,0,0,0,0,0,0,1,1,0,0,0,1,0,0,0,0,0,1,1,0,0
ARCH_0238,CONTROL,0,0,0,0,0,0,0,,,,0,0,1,0,0,0,1,1,0,0,0,0,0,0,0,0,0,0,0,0,0
ARCH_0342,CONTROL,0,0,0,0,0,0,0,,,,0,0,0,0,0,0,0,1,1,0,0,0,0,0,0,0,0,0,0,0,1
ARCH_0125,CONTROL,0,0,0,0,0,0,0,,,,0,1,0,0,0,0,1,1,0,0,0,0,0,0,0,0,0,0,0,0,0
ARCH_0137,CONTROL,0,0,0,0,0,0,0,,,,0,0,0,0,0,0,0,1,0,0,0,1,0,0,0,0,0,0,0,0,0
ARCH_0371,CONTROL,0,0,0,0,0,0,0,,,,0,0,0,1,0,0,0,1,0,0,0,0,0,0,0,0,0,0,0,0,1
ARCH_0559,CONTROL,0,0,0,0,0,0,0,,,,0,1,0,0,0,0,1,1,0,0,0,0,0,0,0,0,0,1,0,0,0
ARCH_0129,CONTROL,0,0,0,0,0,0,0,,,,0,0,0,0,0,0,0,1,0,0,0,0,1,0,0,0,1,0,0,0,0
ARCH_0397,CONTROL,0,0,0,0,0,0,0,,,,0,0,0,0,0,0,1,1,0,0,0,0,1,0,0,0,0,0,0,0,0
ARCH_0078,CONTROL,0,0,0,1,0,0,0,,,,0,0,0,0,0,0,1,1,0,0,0,0,0,0,0,0,1,0,1,0,1
ARCH_0499,CONTROL,1,0,0,0,0,0,0,,,,0,0,0,1,0,0,1,1,0,0,0,1,0,0,0,0,1,0,0,0,0
ARCH_0109,CONTROL,0,0,0,0,0,0,0,,,,0,0,1,0,0,0,0,1,0,0,0,0,0,0,0,0,1,0,0,0,0
ARCH_0358,CONTROL,0,0,0,0,0,0,0,,,,0,1,0,0,0,0,1,1,0,0,0,0,0,0,0,0,1,0,0,0,0
ARCH_0365,CONTROL,0,0,0,0,0,0,0,,,,0,0,0,0,0,1,1,1,0,0,0,0,0,0,0,0,0,0,0,0,0
ARCH_0113,CONTROL,0,0,0,0,0,0,0,,,,0,0,1,0,0,0,0,1,0,0,0,1,1,0,0,0,0,0,0,0,0
ARCH_0116,CONTROL,0,0,0,0,0,0,0,,,,0,0,0,0,0,0,1,1,0,0,0,0,0,0,0,0,1,0,0,0,1
ARCH_0048,CONTROL,0,0,0,0,0,0,0,,,,0,0,1,0,0,0,0,1,0,0,0,1,0,0,0,0,0,0,0,0,0
ARCH_0422,CONTROL,0,0,0,0,0,0,0,,,,0,1,0,1,0,1,0,1,0,0,0,0,1,0,0,0,1,0,0,0,1
ARCH_0551,CONTROL,0,0,0,0,0,0,0,,,,0,0,0,0,0,0,1,1,0,0,0,0,0,0,0,0,0,0,0,0,1
ARCH_0083,CONTROL,0,0,0,0,0,0,0,,,,0,0,1,0,0,0,0,1,0,0,0,1,1,0,0,0,1,0,0,0,0
ARCH_0193,CONTROL,0,0,0,0,0,0,0,,,,0,0,0,0,0,0,1,1,1,0,0,1,0,0,0,0,1,0,0,0,1
ARCH_0369,CONTROL,0,0,0,0,0,0,0,,,,0,0,0,0,0,0,1,1,0,0,0,0,0,0,0,0,0,0,0,0,0
