feature,n,status,pearson_pooled,pearson_within_source_set,estimand
brightness,178,exploratory_lexical_proxy,-0.0367918478474081,-0.08677065917692907,caption presence vs saved per-photo relative source-set affinity (leave-one-out for training members); NOT correlation of 31 caption and visual contrast profiles
contrast,178,exploratory_lexical_proxy,,,caption presence vs saved per-photo relative source-set affinity (leave-one-out for training members); NOT correlation of 31 caption and visual contrast profiles
saturation,178,exploratory_lexical_proxy,,,caption presence vs saved per-photo relative source-set affinity (leave-one-out for training members); NOT correlation of 31 caption and visual contrast profiles
colorfulness,178,exploratory_lexical_proxy,-0.05987136811097698,-0.04604674360913752,caption presence vs saved per-photo relative source-set affinity (leave-one-out for training members); NOT correlation of 31 caption and visual contrast profiles
warmth,178,exploratory_lexical_proxy,0.07849145283402717,0.0382752617758449,caption presence vs saved per-photo relative source-set affinity (leave-one-out for training members); NOT correlation of 31 caption and visual contrast profiles
sharpness,178,exploratory_lexical_proxy,0.172574902952153,0.14206070781449995,caption presence vs saved per-photo relative source-set affinity (leave-one-out for training members); NOT correlation of 31 caption and visual contrast profiles
detail,178,exploratory_lexical_proxy,,,caption presence vs saved per-photo relative source-set affinity (leave-one-out for training members); NOT correlation of 31 caption and visual contrast profiles
sky_brightness,178,not_operationalised,,,caption presence vs saved per-photo relative source-set affinity (leave-one-out for training members); NOT correlation of 31 caption and visual contrast profiles
dark_share,178,not_operationalised,,,caption presence vs saved per-photo relative source-set affinity (leave-one-out for training members); NOT correlation of 31 caption and visual contrast profiles
bright_share,178,not_operationalised,,,caption presence vs saved per-photo relative source-set affinity (leave-one-out for training members); NOT correlation of 31 caption and visual contrast profiles
interior,178,lexical_content,0.07423309439115319,0.0476865714997612,caption presence vs saved per-photo relative source-set affinity (leave-one-out for training members); NOT correlation of 31 caption and visual contrast profiles
cars,178,lexical_content,-0.042822771518452804,-0.02818605734121661,caption presence vs saved per-photo relative source-set affinity (leave-one-out for training members); NOT correlation of 31 caption and visual contrast profiles
low_angle,178,lexical_content,-0.03779723946318124,-0.09484900357908371,caption presence vs saved per-photo relative source-set affinity (leave-one-out for training members); NOT correlation of 31 caption and visual contrast profiles
urban,178,lexical_content,0.04862832739241611,0.03902125799515495,caption presence vs saved per-photo relative source-set affinity (leave-one-out for training members); NOT correlation of 31 caption and visual contrast profiles
vintage_photo,178,lexical_content,-0.10573872678422676,-0.08234110141268416,caption presence vs saved per-photo relative source-set affinity (leave-one-out for training members); NOT correlation of 31 caption and visual contrast profiles
people,178,lexical_content,0.10414255601638465,0.0700976638736515,caption presence vs saved per-photo relative source-set affinity (leave-one-out for training members); NOT correlation of 31 caption and visual contrast profiles
greenery,178,lexical_content,-0.13986490276816071,-0.1534087951833315,caption presence vs saved per-photo relative source-set affinity (leave-one-out for training members); NOT correlation of 31 caption and visual contrast profiles
real_photo,178,lexical_content,,,caption presence vs saved per-photo relative source-set affinity (leave-one-out for training members); NOT correlation of 31 caption and visual contrast profiles
water,178,lexical_content,0.22786264867748202,0.14315254402307462,caption presence vs saved per-photo relative source-set affinity (leave-one-out for training members); NOT correlation of 31 caption and visual contrast profiles
whole_building,178,lexical_content,,,caption presence vs saved per-photo relative source-set affinity (leave-one-out for training members); NOT correlation of 31 caption and visual contrast profiles
sunny,178,lexical_content,-0.06462582278421371,-0.07088389878260874,caption presence vs saved per-photo relative source-set affinity (leave-one-out for training members); NOT correlation of 31 caption and visual contrast profiles
curved_organic,178,lexical_content,0.367210326185035,0.3524387420070512,caption presence vs saved per-photo relative source-set affinity (leave-one-out for training members); NOT correlation of 31 caption and visual contrast profiles
concrete,178,lexical_content,0.012513068439369997,0.07303090270200738,caption presence vs saved per-photo relative source-set affinity (leave-one-out for training members); NOT correlation of 31 caption and visual contrast profiles
iconic_design,178,lexical_content,,,caption presence vs saved per-photo relative source-set affinity (leave-one-out for training members); NOT correlation of 31 caption and visual contrast profiles
contemporary,178,lexical_content,,,caption presence vs saved per-photo relative source-set affinity (leave-one-out for training members); NOT correlation of 31 caption and visual contrast profiles
monumental,178,lexical_content,0.005354853682399604,0.03985596352421282,caption presence vs saved per-photo relative source-set affinity (leave-one-out for training members); NOT correlation of 31 caption and visual contrast profiles
glass,178,lexical_content,-0.026802234391427277,-0.060007525204975556,caption presence vs saved per-photo relative source-set affinity (leave-one-out for training members); NOT correlation of 31 caption and visual contrast profiles
complex_form,178,lexical_content,0.1387720556724354,0.16197727965325992,caption presence vs saved per-photo relative source-set affinity (leave-one-out for training members); NOT correlation of 31 caption and visual contrast profiles
colourful,178,lexical_content,-0.05987136811097698,-0.04604674360913752,caption presence vs saved per-photo relative source-set affinity (leave-one-out for training members); NOT correlation of 31 caption and visual contrast profiles
wood,178,lexical_content,0.10780865621264617,0.07817845163912153,caption presence vs saved per-photo relative source-set affinity (leave-one-out for training members); NOT correlation of 31 caption and visual contrast profiles
white,178,lexical_content,0.007958687133460426,-0.016618377292156514,caption presence vs saved per-photo relative source-set affinity (leave-one-out for training members); NOT correlation of 31 caption and visual contrast profiles
