event,time_utc,note
first_phase1_rating,2026-09-25T14:22:06.455Z,
last_phase1_rating,2026-09-27T13:35:34.074Z,
frozen_AESTHETIC_v2,2026-09-28T01:28:47.341Z,
frozen_CONTROL_v2,2026-09-28T01:29:17.905Z,
RUN-AESTHETIC-4_start,2026-09-28T05:55:49.175Z,
RUN-CONTROL-4_start,2026-09-28T05:56:01.349Z,
RUN-AESTHETIC-4_end,2026-09-28T06:19:22.299Z,
RUN-CONTROL-4_end,2026-09-28T06:19:23.178Z,
final_prompt_set_frozen,2026-09-28T11:40:49.414Z,
first_final_generation,2026-09-28T13:14:01.199Z,
last_final_generation,2026-09-28T14:28:28.115Z,
first_screening_record,2026-09-28T15:29:45.525Z,
last_screening_record,2026-09-28T15:31:44.220Z,
first_phase2_rating,2026-09-28T15:33:00.300Z,
last_phase2_rating,2026-10-01T11:55:54.990Z,
