code,file,width,height,available
S001,images/S001.jpg,1216,832,True
S002,images/S002.jpg,1216,832,True
S003,images/S003.jpg,1216,832,True
S004,images/S004.jpg,1216,832,True
S005,images/S005.jpg,1216,832,True
S006,images/S006.jpg,1216,832,True
S007,images/S007.jpg,1216,832,True
S008,images/S008.jpg,1216,832,True
S009,images/S009.jpg,1216,832,True
S010,images/S010.jpg,1216,832,True
S011,images/S011.jpg,1216,832,True
S012,images/S012.jpg,1216,832,True
S013,images/S013.jpg,1216,832,True
S014,images/S014.jpg,1216,832,True
S015,images/S015.jpg,1216,832,True
S016,images/S016.jpg,1216,832,True
S017,images/S017.jpg,1216,832,True
S018,images/S018.jpg,1216,832,True
S019,images/S019.jpg,1216,832,True
S020,images/S020.jpg,1216,832,True
S021,images/S021.jpg,1216,832,True
S022,images/S022.jpg,1216,832,True
S023,images/S023.jpg,1216,832,True
S024,images/S024.jpg,1216,832,True
S025,images/S025.jpg,1216,832,True
S026,images/S026.jpg,1216,832,True
S027,images/S027.jpg,1216,832,True
S028,images/S028.jpg,1216,832,True
S029,images/S029.jpg,1216,832,True
S030,images/S030.jpg,1216,832,True
S031,images/S031.jpg,1216,832,True
S032,images/S032.jpg,1216,832,True
S033,images/S033.jpg,1216,832,True
S034,images/S034.jpg,1216,832,True
S035,images/S035.jpg,1216,832,True
S036,images/S036.jpg,1216,832,True
S037,images/S037.jpg,1216,832,True
S038,images/S038.jpg,1216,832,True
S039,images/S039.jpg,1216,832,True
S040,images/S040.jpg,1216,832,True
S041,images/S041.jpg,1216,832,True
S042,images/S042.jpg,1216,832,True
S043,images/S043.jpg,1216,832,True
S044,images/S044.jpg,1216,832,True
S045,images/S045.jpg,1216,832,True
S046,images/S046.jpg,1216,832,True
S047,images/S047.jpg,1216,832,True
S048,images/S048.jpg,1216,832,True
S049,images/S049.jpg,1216,832,True
S050,images/S050.jpg,1216,832,True
S051,images/S051.jpg,1216,832,True
S052,images/S052.jpg,1216,832,True
S053,images/S053.jpg,1216,832,True
S054,images/S054.jpg,1216,832,True
S055,images/S055.jpg,1216,832,True
S056,images/S056.jpg,1216,832,True
S057,images/S057.jpg,1216,832,True
S058,images/S058.jpg,1216,832,True
S059,images/S059.jpg,1216,832,True
S060,images/S060.jpg,1216,832,True
S061,images/S061.jpg,1216,832,True
S062,images/S062.jpg,1216,832,True
S063,images/S063.jpg,1216,832,True
S064,images/S064.jpg,1216,832,True
S065,images/S065.jpg,1216,832,True
S066,images/S066.jpg,1216,832,True
S067,images/S067.jpg,1216,832,True
S068,images/S068.jpg,1216,832,True
S069,images/S069.jpg,1216,832,True
S070,images/S070.jpg,1216,832,True
S071,images/S071.jpg,1216,832,True
S072,images/S072.jpg,1216,832,True
S073,images/S073.jpg,1216,832,True
S074,images/S074.jpg,1216,832,True
S075,images/S075.jpg,1216,832,True
S076,images/S076.jpg,1216,832,True
S077,images/S077.jpg,1216,832,True
S078,images/S078.jpg,1216,832,True
S079,images/S079.jpg,1216,832,True
S080,images/S080.jpg,1216,832,True
S081,images/S081.jpg,1216,832,True
S082,images/S082.jpg,1216,832,True
S083,images/S083.jpg,1216,832,True
S084,images/S084.jpg,1216,832,True
S085,images/S085.jpg,1216,832,True
S086,images/S086.jpg,1216,832,True
S087,images/S087.jpg,1216,832,True
S088,images/S088.jpg,1216,832,True
S089,images/S089.jpg,1216,832,True
S090,images/S090.jpg,1216,832,True
S091,images/S091.jpg,1216,832,True
S092,images/S092.jpg,1216,832,True
S093,images/S093.jpg,1216,832,True
S094,images/S094.jpg,1216,832,True
S095,images/S095.jpg,1216,832,True
S096,images/S096.jpg,1216,832,True
S097,images/S097.jpg,1216,832,True
S098,images/S098.jpg,1216,832,True
S099,images/S099.jpg,1216,832,True
S100,images/S100.jpg,1216,832,True
S101,images/S101.jpg,1216,832,True
S102,images/S102.jpg,1216,832,True
S103,images/S103.jpg,1216,832,True
S104,images/S104.jpg,1216,832,True
S105,images/S105.jpg,1216,832,True
S106,images/S106.jpg,1216,832,True
S107,images/S107.jpg,1216,832,True
S108,images/S108.jpg,1216,832,True
S109,images/S109.jpg,1216,832,True
S110,images/S110.jpg,1216,832,True
S111,images/S111.jpg,1216,832,True
S112,images/S112.jpg,1216,832,True
S113,images/S113.jpg,1216,832,True
S114,images/S114.jpg,1216,832,True
S115,images/S115.jpg,1216,832,True
S116,images/S116.jpg,1216,832,True
S117,images/S117.jpg,1216,832,True
S118,images/S118.jpg,1216,832,True
S119,images/S119.jpg,1216,832,True
S120,images/S120.jpg,1216,832,True
S121,images/S121.jpg,1216,832,True
S122,images/S122.jpg,1216,832,True
S123,images/S123.jpg,1216,832,True
S124,images/S124.jpg,1216,832,True
S125,images/S125.jpg,1216,832,True
S126,images/S126.jpg,1216,832,True
S127,images/S127.jpg,1216,832,True
S128,images/S128.jpg,1216,832,True
S129,images/S129.jpg,1216,832,True
S130,images/S130.jpg,1216,832,True
S131,images/S131.jpg,1216,832,True
S132,images/S132.jpg,1216,832,True
S133,images/S133.jpg,1216,832,True
S134,images/S134.jpg,1216,832,True
S135,images/S135.jpg,1216,832,True
S136,images/S136.jpg,1216,832,True
S137,images/S137.jpg,1216,832,True
S138,images/S138.jpg,1216,832,True
S139,images/S139.jpg,1216,832,True
S140,images/S140.jpg,1216,832,True
S141,images/S141.jpg,1216,832,True
S142,images/S142.jpg,1216,832,True
S143,images/S143.jpg,1216,832,True
S144,images/S144.jpg,1216,832,True
S145,images/S145.jpg,1216,832,True
S146,images/S146.jpg,1216,832,True
S147,images/S147.jpg,1216,832,True
S148,images/S148.jpg,1216,832,True
S149,images/S149.jpg,1216,832,True
S150,images/S150.jpg,1216,832,True
S151,images/S151.jpg,1216,832,True
S152,images/S152.jpg,1216,832,True
S153,images/S153.jpg,1216,832,True
S154,images/S154.jpg,1216,832,True
S155,images/S155.jpg,1216,832,True
S156,images/S156.jpg,1216,832,True
S157,images/S157.jpg,1216,832,True
S158,images/S158.jpg,1216,832,True
S159,images/S159.jpg,1216,832,True
S160,images/S160.jpg,1216,832,True
S161,images/S161.jpg,1216,832,True
S162,images/S162.jpg,1216,832,True
S163,images/S163.jpg,1216,832,True
S164,images/S164.jpg,1216,832,True
S165,images/S165.jpg,1216,832,True
S166,images/S166.jpg,1216,832,True
S167,images/S167.jpg,1216,832,True
S168,images/S168.jpg,1216,832,True
S169,images/S169.jpg,1216,832,True
S170,images/S170.jpg,1216,832,True
S171,images/S171.jpg,1216,832,True
S172,images/S172.jpg,1216,832,True
S173,images/S173.jpg,1216,832,True
S174,images/S174.jpg,1216,832,True
S175,images/S175.jpg,1216,832,True
S176,images/S176.jpg,1216,832,True
S177,images/S177.jpg,1216,832,True
S178,images/S178.jpg,1216,832,True
S179,images/S179.jpg,1216,832,True
S180,images/S180.jpg,1216,832,True
S181,images/S181.jpg,1216,832,True
S182,images/S182.jpg,1216,832,True
S183,images/S183.jpg,1216,832,True
S184,images/S184.jpg,1216,832,True
S185,images/S185.jpg,1216,832,True
S186,images/S186.jpg,1216,832,True
S187,images/S187.jpg,1216,832,True
S188,images/S188.jpg,1216,832,True
S189,images/S189.jpg,1216,832,True
S190,images/S190.jpg,1216,832,True
S191,images/S191.jpg,1216,832,True
S192,images/S192.jpg,1216,832,True
S193,images/S193.jpg,1216,832,True
S194,images/S194.jpg,1216,832,True
S195,images/S195.jpg,1216,832,True
S196,images/S196.jpg,1216,832,True
S197,images/S197.jpg,1216,832,True
S198,images/S198.jpg,1216,832,True
S199,images/S199.jpg,1216,832,True
S200,images/S200.jpg,1216,832,True
S201,images/S201.jpg,1216,832,True
S202,images/S202.jpg,1216,832,True
S203,images/S203.jpg,1216,832,True
S204,images/S204.jpg,1216,832,True
S205,images/S205.jpg,1216,832,True
S206,images/S206.jpg,1216,832,True
S207,images/S207.jpg,1216,832,True
S208,images/S208.jpg,1216,832,True
S209,images/S209.jpg,1216,832,True
S210,images/S210.jpg,1216,832,True
S211,images/S211.jpg,1216,832,True
S212,images/S212.jpg,1216,832,True
S213,images/S213.jpg,1216,832,True
S214,images/S214.jpg,1216,832,True
S215,images/S215.jpg,1216,832,True
S216,images/S216.jpg,1216,832,True
S217,images/S217.jpg,1216,832,True
S218,images/S218.jpg,1216,832,True
S219,images/S219.jpg,1216,832,True
S220,images/S220.jpg,1216,832,True
S221,images/S221.jpg,1216,832,True
S222,images/S222.jpg,1216,832,True
S223,images/S223.jpg,1216,832,True
S224,images/S224.jpg,1216,832,True
S225,images/S225.jpg,1216,832,True
S226,images/S226.jpg,1216,832,True
S227,images/S227.jpg,1216,832,True
S228,images/S228.jpg,1216,832,True
S229,images/S229.jpg,1216,832,True
S230,images/S230.jpg,1216,832,True
S231,images/S231.jpg,1216,832,True
S232,images/S232.jpg,1216,832,True
S233,images/S233.jpg,1216,832,True
S234,images/S234.jpg,1216,832,True
S235,images/S235.jpg,1216,832,True
S236,images/S236.jpg,1216,832,True
S237,images/S237.jpg,1216,832,True
S238,images/S238.jpg,1216,832,True
S239,images/S239.jpg,1216,832,True
S240,images/S240.jpg,1216,832,True
S241,images/S241.jpg,1216,832,True
S242,images/S242.jpg,1216,832,True
S243,images/S243.jpg,1216,832,True
S244,images/S244.jpg,1216,832,True
S245,images/S245.jpg,1216,832,True
S246,images/S246.jpg,1216,832,True
S247,images/S247.jpg,1216,832,True
S248,images/S248.jpg,1216,832,True
S249,images/S249.jpg,1216,832,True
S250,images/S250.jpg,1216,832,True
S251,images/S251.jpg,1216,832,True
S252,images/S252.jpg,1216,832,True
S253,images/S253.jpg,1216,832,True
S254,images/S254.jpg,1216,832,True
S255,images/S255.jpg,1216,832,True
S256,images/S256.jpg,1216,832,True
S257,images/S257.jpg,1216,832,True
S258,images/S258.jpg,1216,832,True
S259,images/S259.jpg,1216,832,True
S260,images/S260.jpg,1216,832,True
S261,images/S261.jpg,1216,832,True
S262,images/S262.jpg,1216,832,True
S263,images/S263.jpg,1216,832,True
S264,images/S264.jpg,1216,832,True
S265,images/S265.jpg,1216,832,True
S266,images/S266.jpg,1216,832,True
S267,images/S267.jpg,1216,832,True
S268,images/S268.jpg,1216,832,True
S269,images/S269.jpg,1216,832,True
S270,images/S270.jpg,1216,832,True
S271,images/S271.jpg,1216,832,True
S272,images/S272.jpg,1216,832,True
S273,images/S273.jpg,1216,832,True
S274,images/S274.jpg,1216,832,True
S275,images/S275.jpg,1216,832,True
S276,images/S276.jpg,1216,832,True
S277,images/S277.jpg,1216,832,True
S278,images/S278.jpg,1216,832,True
S279,images/S279.jpg,1216,832,True
S280,images/S280.jpg,1216,832,True
S281,images/S281.jpg,1216,832,True
S282,images/S282.jpg,1216,832,True
S283,images/S283.jpg,1216,832,True
S284,images/S284.jpg,1216,832,True
S285,images/S285.jpg,1216,832,True
S286,images/S286.jpg,1216,832,True
S287,images/S287.jpg,1216,832,True
S288,images/S288.jpg,1216,832,True
S289,images/S289.jpg,1216,832,True
S290,images/S290.jpg,1216,832,True
S291,images/S291.jpg,1216,832,True
S292,images/S292.jpg,1216,832,True
S293,images/S293.jpg,1216,832,True
S294,images/S294.jpg,1216,832,True
S295,images/S295.jpg,1216,832,True
S296,images/S296.jpg,1216,832,True
S297,images/S297.jpg,1216,832,True
S298,images/S298.jpg,1216,832,True
S299,images/S299.jpg,1216,832,True
S300,images/S300.jpg,1216,832,True
S301,images/S301.jpg,1216,832,True
S302,images/S302.jpg,1216,832,True
S303,images/S303.jpg,1216,832,True
S304,images/S304.jpg,1216,832,True
S305,images/S305.jpg,1216,832,True
S306,images/S306.jpg,1216,832,True
S307,images/S307.jpg,1216,832,True
S308,images/S308.jpg,1216,832,True
S309,images/S309.jpg,1216,832,True
S310,images/S310.jpg,1216,832,True
S311,images/S311.jpg,1216,832,True
S312,images/S312.jpg,1216,832,True
S313,images/S313.jpg,1216,832,True
S314,images/S314.jpg,1216,832,True
S315,images/S315.jpg,1216,832,True
S316,images/S316.jpg,1216,832,True
S317,images/S317.jpg,1216,832,True
S318,images/S318.jpg,1216,832,True
S319,images/S319.jpg,1216,832,True
S320,images/S320.jpg,1216,832,True
S321,images/S321.jpg,1216,832,True
S322,images/S322.jpg,1216,832,True
S323,images/S323.jpg,1216,832,True
S324,images/S324.jpg,1216,832,True
S325,images/S325.jpg,1216,832,True
S326,images/S326.jpg,1216,832,True
S327,images/S327.jpg,1216,832,True
S328,images/S328.jpg,1216,832,True
S329,images/S329.jpg,1216,832,True
S330,images/S330.jpg,1216,832,True
S331,images/S331.jpg,1216,832,True
S332,images/S332.jpg,1216,832,True
S333,images/S333.jpg,1216,832,True
S334,images/S334.jpg,1216,832,True
S335,images/S335.jpg,1216,832,True
S336,images/S336.jpg,1216,832,True
S337,images/S337.jpg,1216,832,True
S338,images/S338.jpg,1216,832,True
S339,images/S339.jpg,1216,832,True
S340,images/S340.jpg,1216,832,True
S341,images/S341.jpg,1216,832,True
S342,images/S342.jpg,1216,832,True
S343,images/S343.jpg,1216,832,True
S344,images/S344.jpg,1216,832,True
S345,images/S345.jpg,1216,832,True
S346,images/S346.jpg,1216,832,True
S347,images/S347.jpg,1216,832,True
S348,images/S348.jpg,1216,832,True
S349,images/S349.jpg,1216,832,True
S350,images/S350.jpg,1216,832,True
S351,images/S351.jpg,1216,832,True
S352,images/S352.jpg,1216,832,True
S353,images/S353.jpg,1216,832,True
S354,images/S354.jpg,1216,832,True
S355,images/S355.jpg,1216,832,True
S356,images/S356.jpg,1216,832,True
S357,images/S357.jpg,1216,832,True
S358,images/S358.jpg,1216,832,True
S359,images/S359.jpg,1216,832,True
S360,images/S360.jpg,1216,832,True
S361,images/S361.jpg,1216,832,True
S362,images/S362.jpg,1216,832,True
S363,images/S363.jpg,1216,832,True
S364,images/S364.jpg,1216,832,True
S365,images/S365.jpg,1216,832,True
S366,images/S366.jpg,1216,832,True
S367,images/S367.jpg,1216,832,True
S368,images/S368.jpg,1216,832,True
S369,images/S369.jpg,1216,832,True
S370,images/S370.jpg,1216,832,True
S371,images/S371.jpg,1216,832,True
S372,images/S372.jpg,1216,832,True
S373,images/S373.jpg,1216,832,True
S374,images/S374.jpg,1216,832,True
S375,images/S375.jpg,1216,832,True
S376,images/S376.jpg,1216,832,True
S377,images/S377.jpg,1216,832,True
S378,images/S378.jpg,1216,832,True
S379,images/S379.jpg,1216,832,True
S380,images/S380.jpg,1216,832,True
S381,images/S381.jpg,1216,832,True
S382,images/S382.jpg,1216,832,True
S383,images/S383.jpg,1216,832,True
S384,images/S384.jpg,1216,832,True
S385,images/S385.jpg,1216,832,True
S386,images/S386.jpg,1216,832,True
S387,images/S387.jpg,1216,832,True
S388,images/S388.jpg,1216,832,True
S389,images/S389.jpg,1216,832,True
S390,images/S390.jpg,1216,832,True
S391,images/S391.jpg,1216,832,True
S392,images/S392.jpg,1216,832,True
S393,images/S393.jpg,1216,832,True
S394,images/S394.jpg,1216,832,True
S395,images/S395.jpg,1216,832,True
S396,images/S396.jpg,1216,832,True
S397,images/S397.jpg,1216,832,True
S398,images/S398.jpg,1216,832,True
S399,images/S399.jpg,1216,832,True
S400,images/S400.jpg,1216,832,True
S401,images/S401.jpg,1216,832,True
S402,images/S402.jpg,1216,832,True
S403,images/S403.jpg,1216,832,True
S404,images/S404.jpg,1216,832,True
S405,images/S405.jpg,1216,832,True
S406,images/S406.jpg,1216,832,True
S407,images/S407.jpg,1216,832,True
S408,images/S408.jpg,1216,832,True
S409,images/S409.jpg,1216,832,True
S410,images/S410.jpg,1216,832,True
S411,images/S411.jpg,1216,832,True
S412,images/S412.jpg,1216,832,True
S413,images/S413.jpg,1216,832,True
S414,images/S414.jpg,1216,832,True
S415,images/S415.jpg,1216,832,True
S416,images/S416.jpg,1216,832,True
S417,images/S417.jpg,1216,832,True
S418,images/S418.jpg,1216,832,True
S419,images/S419.jpg,1216,832,True
S420,images/S420.jpg,1216,832,True
S421,images/S421.jpg,1216,832,True
S422,images/S422.jpg,1216,832,True
S423,images/S423.jpg,1216,832,True
S424,images/S424.jpg,1216,832,True
S425,images/S425.jpg,1216,832,True
S426,images/S426.jpg,1216,832,True
S427,images/S427.jpg,1216,832,True
S428,images/S428.jpg,1216,832,True
S429,images/S429.jpg,1216,832,True
S430,images/S430.jpg,1216,832,True
S431,images/S431.jpg,1216,832,True
S432,images/S432.jpg,1216,832,True
S433,images/S433.jpg,1216,832,True
S434,images/S434.jpg,1216,832,True
S435,images/S435.jpg,1216,832,True
S436,images/S436.jpg,1216,832,True
S437,images/S437.jpg,1216,832,True
S438,images/S438.jpg,1216,832,True
S439,images/S439.jpg,1216,832,True
S440,images/S440.jpg,1216,832,True
S441,images/S441.jpg,1216,832,True
S442,images/S442.jpg,1216,832,True
S443,images/S443.jpg,1216,832,True
S444,images/S444.jpg,1216,832,True
S445,images/S445.jpg,1216,832,True
S446,images/S446.jpg,1216,832,True
S447,images/S447.jpg,1216,832,True
S448,images/S448.jpg,1216,832,True
S449,images/S449.jpg,1216,832,True
S450,images/S450.jpg,1216,832,True
S451,images/S451.jpg,1216,832,True
S452,images/S452.jpg,1216,832,True
S453,images/S453.jpg,1216,832,True
S454,images/S454.jpg,1216,832,True
S455,images/S455.jpg,1216,832,True
S456,images/S456.jpg,1216,832,True
S457,images/S457.jpg,1216,832,True
S458,images/S458.jpg,1216,832,True
S459,images/S459.jpg,1216,832,True
S460,images/S460.jpg,1216,832,True
S461,images/S461.jpg,1216,832,True
S462,images/S462.jpg,1216,832,True
S463,images/S463.jpg,1216,832,True
S464,images/S464.jpg,1216,832,True
S465,images/S465.jpg,1216,832,True
S466,images/S466.jpg,1216,832,True
S467,images/S467.jpg,1216,832,True
S468,images/S468.jpg,1216,832,True
S469,images/S469.jpg,1216,832,True
S470,images/S470.jpg,1216,832,True
S471,images/S471.jpg,1216,832,True
S472,images/S472.jpg,1216,832,True
S473,images/S473.jpg,1216,832,True
S474,images/S474.jpg,1216,832,True
S475,images/S475.jpg,1216,832,True
S476,images/S476.jpg,1216,832,True
S477,images/S477.jpg,1216,832,True
S478,images/S478.jpg,1216,832,True
S479,images/S479.jpg,1216,832,True
S480,images/S480.jpg,1216,832,True
S481,images/S481.jpg,1216,832,True
S482,images/S482.jpg,1216,832,True
S483,images/S483.jpg,1216,832,True
S484,images/S484.jpg,1216,832,True
S485,images/S485.jpg,1216,832,True
S486,images/S486.jpg,1216,832,True
S487,images/S487.jpg,1216,832,True
S488,images/S488.jpg,1216,832,True
S489,images/S489.jpg,1216,832,True
S490,images/S490.jpg,1216,832,True
S491,images/S491.jpg,1216,832,True
S492,images/S492.jpg,1216,832,True
S493,images/S493.jpg,1216,832,True
S494,images/S494.jpg,1216,832,True
S495,images/S495.jpg,1216,832,True
S496,images/S496.jpg,1216,832,True
S497,images/S497.jpg,1216,832,True
S498,images/S498.jpg,1216,832,True
S499,images/S499.jpg,1216,832,True
S500,images/S500.jpg,1216,832,True
S501,images/S501.jpg,1216,832,True
S502,images/S502.jpg,1216,832,True
S503,images/S503.jpg,1216,832,True
S504,images/S504.jpg,1216,832,True
S505,images/S505.jpg,1216,832,True
S506,images/S506.jpg,1216,832,True
S507,images/S507.jpg,1216,832,True
S508,images/S508.jpg,1216,832,True
S509,images/S509.jpg,1216,832,True
S510,images/S510.jpg,1216,832,True
S511,images/S511.jpg,1216,832,True
S512,images/S512.jpg,1216,832,True
S513,images/S513.jpg,1216,832,True
S514,images/S514.jpg,1216,832,True
S515,images/S515.jpg,1216,832,True
S516,images/S516.jpg,1216,832,True
S517,images/S517.jpg,1216,832,True
S518,images/S518.jpg,1216,832,True
S519,images/S519.jpg,1216,832,True
S520,images/S520.jpg,1216,832,True
S521,images/S521.jpg,1216,832,True
S522,images/S522.jpg,1216,832,True
S523,images/S523.jpg,1216,832,True
S524,images/S524.jpg,1216,832,True
S525,images/S525.jpg,1216,832,True
S526,images/S526.jpg,1216,832,True
S527,images/S527.jpg,1216,832,True
S528,images/S528.jpg,1216,832,True
S529,images/S529.jpg,1216,832,True
S530,images/S530.jpg,1216,832,True
S531,images/S531.jpg,1216,832,True
S532,images/S532.jpg,1216,832,True
S533,images/S533.jpg,1216,832,True
S534,images/S534.jpg,1216,832,True
S535,images/S535.jpg,1216,832,True
S536,images/S536.jpg,1216,832,True
S537,images/S537.jpg,1216,832,True
S538,images/S538.jpg,1216,832,True
S539,images/S539.jpg,1216,832,True
S540,images/S540.jpg,1216,832,True
S541,images/S541.jpg,1216,832,True
S542,images/S542.jpg,1216,832,True
S543,images/S543.jpg,1216,832,True
S544,images/S544.jpg,1216,832,True
S545,images/S545.jpg,1216,832,True
S546,images/S546.jpg,1216,832,True
S547,images/S547.jpg,1216,832,True
S548,images/S548.jpg,1216,832,True
S549,images/S549.jpg,1216,832,True
S550,images/S550.jpg,1216,832,True
S551,images/S551.jpg,1216,832,True
S552,images/S552.jpg,1216,832,True
S553,images/S553.jpg,1216,832,True
S554,images/S554.jpg,1216,832,True
S555,images/S555.jpg,1216,832,True
S556,images/S556.jpg,1216,832,True
S557,images/S557.jpg,1216,832,True
S558,images/S558.jpg,1216,832,True
S559,images/S559.jpg,1216,832,True
S560,images/S560.jpg,1216,832,True
S561,images/S561.jpg,1216,832,True
S562,images/S562.jpg,1216,832,True
S563,images/S563.jpg,1216,832,True
S564,images/S564.jpg,1216,832,True
S565,images/S565.jpg,1216,832,True
S566,images/S566.jpg,1216,832,True
S567,images/S567.jpg,1216,832,True
S568,images/S568.jpg,1216,832,True
S569,images/S569.jpg,1216,832,True
S570,images/S570.jpg,1216,832,True
S571,images/S571.jpg,1216,832,True
S572,images/S572.jpg,1216,832,True
S573,images/S573.jpg,1216,832,True
S574,images/S574.jpg,1216,832,True
S575,images/S575.jpg,1216,832,True
S576,images/S576.jpg,1216,832,True
