punto_review,richiesta_del_revisore,evidenza,analisi_eseguita,risultato,file_script,stato,limite_residuo,modifica_necessaria_al_paper
a,Confronto umano confuso con il seed di training (una realizzazione per condizione),training_runs.csv: seed 1254/9865 fissi dal 27/09; nessuna replica umana,audit run e cronologia; replica computazionale 3 seed (DINO stabile; VLM 0/5),"limite reale, non eliminabile con analisi",outputs/report_runs_timeline.md,limite dichiarato,l'effetto umano è un dato su due realizzazioni,titolo/abstract/conclusioni: 'nelle due realizzazioni valutate'; non generalizzare alla procedura
b,CONTROL non abbinato 1:1; squilibri periodo/geografia,"re-esecuzione esatta: 20 tipo+stile, 41 tipo, 28 casuali; chi² periodo/area n.s.","direzione DINOv2 aggiustata per periodo, area, entrambi: d_adj 0,22/0,22/0,21; R 0,196/0,200/0,202 vs 0,192; contrasti per strato nei descrittori","la descrizione va corretta; il risultato DINO non dipende dalla composizione registrata; nei descrittori il contrasto degli strati abbinati correla meno con gli output (r 0,03 per i 20 tipo+stile, 0,63 per i 41 tipo, 0,43 per i 61)",outputs/report_control.md; outputs/report_dino.md; outputs/report_descriptors.md,chiuso (descrizione) + limite dichiarato (sensibilità lineare su due variabili),aggiustamento additivo lineare; celle piccole; 20 fotografie per lo strato esatto,"sostituire 'abbinate 1:1' in abstract, 3.2, Tab. 1, Tab. 2, Fig. 4, conclusioni; aggiungere la sensibilità"
c,Fig. 1 vs testo,S = d·P verificato (errore 6e-17); min/mediana/max di S riprodotti,—,"due misure, un nome",outputs/dino_reproduction.csv,chiuso,—,"Fig. 1: etichettare con P (o dichiarare S e il fattore d); 3.7: definire S, P, R; dire quale misura usano Spearman +0,23, 62%, Fig. 3"
d,Caption non controllate,"v1→v2 asimmetrico (89/89 vs 62/89); lessico: unica differenza significativa 'acqua' (28/10, p .002); curve 37/27 esteso, 20/14 stretto; profilo lessicale↔x r +0,57 (IC −0,01/+0,90); presenza lessicale traccia il descrittore della stessa foto (r fino a 0,50)","ricontato e auditato; protocollo caption comuni v2 pronto e script collaudato in dry run (≈7,5 h GPU, 0,79 €/h verificato → ≈6,0–6,6 €, ≈4–4,5 h di calendario)",canale testuale confuso con quello visivo; non separabile senza training,outputs/report_captions.md; PROTOCOLLO_CAPTION_CONTROLLATE.md,richiede nuovo training (approvazione del responsabile),"il controllo identifica la differenza fra corpora sotto caption comuni, non la 'bellezza'; letture per categorie (mantenuto/ridotto/non distinguibile/inconclusivo), nessuna soglia di rilevanza","3.3: descrivere armonizzazione (chi, come, asimmetria); 5.2: 'il trattamento è corpus di fotografie con le rispettive caption'"
e,Corpus non documentato,criteri scritti il 25/09 (AAR_LNCS_15_pagine.docx); award_or_relevance per 600 opere; note su 'brief' e 'lista batch-1' non reperiti; due batch 300+300,ricerca documentale,procedura parzialmente documentata; autore delle liste non registrato,outputs/report_documentation.md §3,aperto (richiede dichiarazione degli autori),—,"3.1: criteri di ammissione, due batch, chi ha compilato le liste (da dichiarare)"
f,Riproducibilità,"inventario completo con hash; trainer identificato (UNet-LoRA, text encoder congelati); 48 prompt; 31 descrittori; VLM e 9 criteri; 5 misure identificate",—,quasi tutto recuperabile dal progetto,outputs/INVENTARIO_INPUT.csv; outputs/report_documentation.md,chiuso per i contenuti; aperto per il deposito anonimo,repository pubblico ancora su account personale,3.3: nominare trainer e text encoder congelati; 3.7: elencare i 31 descrittori e i 36 metadati (appendice/repo); 5.2: nominare le 5 misure
g,Agentività esercitata da una soglia di crowd; top 35% inoperante,"89/600 = 14,8%; percentile non vincolante per 30–40%",—,critica corretta sul percentile,outputs/human_reproduction.csv [selection],chiuso (riformulazione),personalizzazione professionale = ipotesi,3.2: 'la soglia media ≥5 (con n ≥10) determina da sola i 89 casi; il percentile registrato non ha effetto'; abstract: personalizzazione come ipotesi
h,"Risultato umano più debole dell'abstract; 0,05 DS","A−C +0,104 (t); mixed model incrociato +0,101 (0,016/0,186); two-way bootstrap corretto −0,025/+0,233; coppie: OR 1,09 (two-way 0,91/1,31); A−BASE −0,036; BASE−C +0,140",sensibilità congiunte partecipanti×prompt,"l'inferenza sui soli partecipanti sovrastima la precisione; la robustezza del contrasto rating dipende dalla specificazione (regge nel modello incrociato, non nel bootstrap a due vie); le coppie non mostrano vantaggio",outputs/human_sensitivities.csv,limite dichiarato,nessun modello crea repliche di training,"abstract/4.2: riportare l'IC con effetti incrociati e dire che l'inferenza riguarda partecipanti e prompt di queste due realizzazioni; 0,047 = riscalatura sulla dispersione sorgente, non DS degli output"
i,"Sonde contraddittorie; r=+0,71 guidato da CONTROL","Cov: termine CONTROL 101% (73–139%), termine AESTHETIC ≈ 0 con IC incl. 0; distanze (due metriche, IC): DINO → AESTHETIC si avvicina al proprio centroide in entrambe le metriche e 3/3 seed, CONTROL senza avvicinamento differenziale coerente (1/3 seed); descrittori → CONTROL si avvicina a entrambi i profili (di più al proprio), AESTHETIC: centroide più vicino descrittivamente (chiaro in 1/3 seed), distanza media delle immagini non ridotta in modo chiaro",decomposizione covarianze; test di avvicinamento esplicito in entrambi gli spazi,divergenza quantificata; non risolta causalmente,outputs/report_descriptors.md; outputs/report_dino.md,limite dichiarato,"spazi e metriche diversi, risposte diverse; IC che includono zero non sono prova di assenza",4.4: 'nei descrittori il contrasto è determinato dallo spostamento di CONTROL contro il segnale (Cov ≈ 100%)'; Fig. 2: la componente (a−c)/2 ha per costruzione lo stesso r (identità); 4.3: aggiungere l'avvicinamento DINOv2 al proprio corpus con la metrica dichiarata
minore,"Perimetri 166/164/161/159, 599/600",tutti riprodotti; 300 voti rimossi da 2 partecipanti esclusi per 'non finito' (Fase 2 incompleta),"sensibilità sul campione completo: ICC 0,138 (uguale), LOO +0,944 (vs +0,915)",il filtro globale ha rimosso voti Fase 1 completi,outputs/report_human.md,chiuso,motivazione del filtro da dichiarare,3.6: spiegare che il filtro è l'esclusione globale di 2 partecipanti con Fase 2 incompleta
minore,Cronologia,timeline completa con fonte e significato di ogni timestamp,—,regola al 35% creata 17 s prima dell'ultimo voto; prompt congelati dopo 292 immagini di prova di run intermedie,outputs/timeline_full.csv; outputs/report_runs_timeline.md,chiuso,—,"3.2/3.4: 'regola definita negli ultimi minuti della raccolta e congelata subito dopo la chiusura; prompt congelati prima della generazione finale, dopo prove tecniche delle run intermedie'"
minore,"Screening singolo, criteri, 2 minuti","48 flag, 4 categorie, 149 eventi 13:25–15:14; reviewed_at = salvataggio della regola","materiale cieco per un secondo valutatore preparato (576 immagini, codici neutri, scheda)",—,outputs/second_screening/,richiede nuova raccolta (secondo valutatore),verifica retrospettiva,3.4: categorie di difetto; dichiarare che il secondo screening è in corso/da fare
minore,ICC: tipo ed estimatore,"ICC(1) one-way ANOVA su punteggi centrati per partecipante, k0 = 19,7 (Fase 2) e 37,8 (Fase 1); disegno incompleto trattato centrando",—,—,outputs/report_human.md (Definitions),chiuso,non è un modello a fattori incrociati,3.6 o repo: formula dell'ICC
minore,726 pareggi scartati,"Davidson con pareggi: OR 1,089 (0,985/1,205); ν=0,36; mezzo punto 50,8–51,1%",bootstrap a due vie,—,outputs/human_sensitivities.csv,chiuso,—,4.2: una riga con il modello Davidson
minore,collegati/non collegati non potenziato,"−0,116 (−0,289/+0,056), MDE ≈ ±0,25",—,—,outputs/human_reproduction.csv,chiuso (riformulazione),—,"4.2: 'non rileva una differenza; l'intervallo non esclude differenze fino a 0,29'"
minore,"Abstract 0,104 attribuito alle 159 triplette","0,104 = per partecipante (n 158); 0,105 per tripletta",—,—,outputs/human_reproduction.csv,chiuso,—,abstract: 'in 158 partecipanti'
9,"Figure, bibliografia","non rifatte in questo audit; bibliografia verificata dal riscontro precedente (file 19), non riverificata qui",—,—,—,aperto (editoriale),—,[4] ICLR 2022; [10] arXiv 2304.07193; [11] OpenReview; [15] Gürer; [8] SPIE confermato
10,"Repository, etica, conflitti",nessun documento istituzionale; repository anonimo costruito ma su account personale,—,—,outputs/report_documentation.md §4,aperto (responsabile),—,dichiarazioni: compilare dopo decisione degli autori
