image_code,dataset,corpus_batch,imported_at,n_giudizi,n_valutatori_distinti,media,sd_campionaria,errore_standard_media,probabilita_inclusione_bootstrap
ARCH_0001,neither,1,2026-09-25T13:30:05.705Z,59,59,3.983050847457627,1.7369367151806,0.22612989939197178,0.0
ARCH_0002,neither,1,2026-09-25T13:30:05.931Z,61,61,3.901639344262295,1.4799202459680827,0.1894843708432773,0.0
ARCH_0003,AESTHETIC,1,2026-09-25T13:30:06.061Z,62,62,5.080645161290323,1.748989282805828,0.22212186103831225,0.6476666666666666
ARCH_0004,neither,1,2026-09-25T13:30:06.213Z,61,61,3.4262295081967213,1.6778857370059759,0.21483125465015282,0.0
ARCH_0005,neither,1,2026-09-25T13:30:06.294Z,63,63,4.444444444444445,1.532210902877296,0.19304042881500313,0.003
ARCH_0006,neither,1,2026-09-25T13:30:06.399Z,60,60,4.816666666666666,1.7122852869644132,0.22105508001230534,0.213
ARCH_0007,neither,1,2026-09-25T13:30:06.447Z,62,62,4.838709677419355,1.6515620860770293,0.20974859468048226,0.231
ARCH_0008,neither,1,2026-09-25T13:30:06.623Z,60,60,3.7,1.9769862357313435,0.2552278255556261,0.0
ARCH_0009,neither,1,2026-09-25T13:30:06.816Z,62,62,4.016129032258065,1.487565240160402,0.18892097442143993,0.0
ARCH_0010,neither,1,2026-09-25T13:30:06.869Z,62,62,4.112903225806452,1.6802111372952697,0.21338702782363378,0.0
ARCH_0011,neither,1,2026-09-25T13:30:06.926Z,60,60,3.5,1.8272884421588884,0.2359019235066223,0.0
ARCH_0012,CONTROL,1,2026-09-25T13:30:07.051Z,60,60,4.733333333333333,1.6246685885431744,0.20974381288446747,0.103
ARCH_0013,neither,1,2026-09-25T13:30:07.118Z,63,63,3.7142857142857144,1.6600483031115676,0.2091464273518085,0.0
ARCH_0014,AESTHETIC,1,2026-09-25T13:30:07.149Z,61,61,5.573770491803279,1.6478169031928542,0.21098133498549995,0.9963333333333333
ARCH_0015,neither,1,2026-09-25T13:30:07.209Z,61,61,3.3442622950819674,1.7115806135620113,0.21914544151411167,0.0
ARCH_0016,neither,1,2026-09-25T13:30:07.324Z,61,61,3.9672131147540983,1.8526306801838486,0.23720505195869884,0.0
ARCH_0017,neither,1,2026-09-25T13:30:07.377Z,63,63,3.634920634920635,1.5271899907323707,0.19240785334404237,0.0
ARCH_0018,AESTHETIC,1,2026-09-25T13:30:07.450Z,60,60,5.216666666666667,1.7182141563279156,0.22182049375586146,0.8383333333333334
ARCH_0019,neither,1,2026-09-25T13:30:07.648Z,61,61,4.688524590163935,1.6984403002613637,0.21746299679775602,0.078
ARCH_0020,CONTROL,1,2026-09-25T13:30:07.681Z,59,59,4.423728813559322,1.2892578703364317,0.16784707811255628,0.0
ARCH_0021,neither,1,2026-09-25T13:30:07.725Z,61,61,4.80327868852459,1.6514606881096454,0.21144787383739244,0.191
ARCH_0022,neither,1,2026-09-25T13:30:07.774Z,63,63,4.285714285714286,1.8441587944063211,0.23234216895770565,0.0013333333333333333
ARCH_0023,neither,1,2026-09-25T13:30:07.878Z,59,59,3.76271186440678,1.7254582904545064,0.22463553577710627,0.0
ARCH_0024,neither,1,2026-09-25T13:30:07.919Z,63,63,3.6507936507936507,1.6767742664426237,0.21125370065713994,0.0
ARCH_0025,neither,1,2026-09-25T13:30:08.051Z,63,63,4.0,1.4919136877222163,0.18796345691839342,0.0
ARCH_0026,neither,1,2026-09-25T13:30:08.189Z,60,60,4.183333333333334,1.827211144058549,0.2358919443647787,0.0016666666666666668
ARCH_0027,CONTROL,1,2026-09-25T13:30:08.451Z,58,58,4.293103448275862,1.8258246941237566,0.2397425276125845,0.0026666666666666666
ARCH_0028,neither,1,2026-09-25T13:30:08.769Z,61,61,3.737704918032787,1.6319889638542526,0.20895477501681825,0.0
ARCH_0029,CONTROL,1,2026-09-25T13:30:08.864Z,61,61,3.901639344262295,1.599009256099819,0.20473215613484186,0.0
ARCH_0030,neither,1,2026-09-25T13:30:09.048Z,58,58,4.413793103448276,1.533651562232298,0.20137831588646382,0.002
ARCH_0031,neither,1,2026-09-25T13:30:09.181Z,59,59,3.8813559322033897,1.576604226928678,0.2052563873516083,0.0
ARCH_0032,neither,1,2026-09-25T13:30:09.397Z,61,61,4.19672131147541,1.8057285891586579,0.23119985456150474,0.0
ARCH_0033,neither,1,2026-09-25T13:30:09.480Z,59,59,4.220338983050848,1.7227463700507644,0.22428247381307642,0.0003333333333333333
ARCH_0034,neither,1,2026-09-25T13:30:09.745Z,64,64,3.453125,1.6896481036848219,0.21120601296060273,0.0
ARCH_0035,neither,1,2026-09-25T13:30:09.844Z,61,61,4.081967213114754,1.6360020575294019,0.2094685990098628,0.0
ARCH_0036,neither,1,2026-09-25T13:30:09.910Z,63,63,3.365079365079365,1.6293832922165457,0.20528299912422213,0.0
ARCH_0037,neither,1,2026-09-25T13:30:09.969Z,60,60,3.8833333333333333,1.668163169951285,0.21535893919926333,0.0
ARCH_0038,AESTHETIC,1,2026-09-25T13:30:10.052Z,61,61,5.819672131147541,1.5000910719165395,0.1920669804633872,1.0
ARCH_0039,neither,1,2026-09-25T13:30:10.069Z,62,62,3.838709677419355,1.6515620860770288,0.2097485946804822,0.0
ARCH_0040,AESTHETIC,1,2026-09-25T13:30:10.126Z,62,62,5.032258064516129,1.598849401200996,0.20305407700670502,0.5843333333333334
ARCH_0041,CONTROL,1,2026-09-25T13:30:10.201Z,59,59,4.661016949152542,1.6979721119062061,0.2210571401248786,0.06766666666666667
ARCH_0042,neither,1,2026-09-25T13:30:10.281Z,60,60,4.033333333333333,1.5727194052607143,0.203037202161066,0.0
ARCH_0043,neither,1,2026-09-25T13:30:10.539Z,65,65,4.7846153846153845,1.709278975294734,0.21200996403959654,0.16566666666666666
ARCH_0044,neither,1,2026-09-25T13:30:10.615Z,57,57,3.6842105263157894,1.7129537431920887,0.22688626590136068,0.0
ARCH_0045,neither,1,2026-09-25T13:30:10.651Z,60,60,4.35,1.634635708133493,0.2110305624905662,0.0
ARCH_0046,CONTROL,1,2026-09-25T13:30:10.702Z,62,62,3.4193548387096775,1.5633967548287255,0.19855158641493384,0.0
ARCH_0047,neither,1,2026-09-25T13:30:10.743Z,58,58,4.051724137931035,1.3432405669911278,0.17637612732407618,0.0
ARCH_0048,CONTROL,1,2026-09-25T13:30:10.796Z,59,59,4.372881355932203,1.6389473607160572,0.213372772046519,0.002
ARCH_0049,neither,1,2026-09-25T13:30:10.826Z,61,61,3.721311475409836,1.790075860040421,0.22919572796277088,0.0
ARCH_0050,neither,1,2026-09-25T13:30:10.885Z,60,60,3.9833333333333334,1.741727825812357,0.2248560954332437,0.0
ARCH_0051,neither,1,2026-09-25T13:30:10.918Z,59,59,3.864406779661017,1.5697312214323347,0.20436159825087416,0.0
ARCH_0052,CONTROL,1,2026-09-25T13:30:10.962Z,60,60,4.85,1.4121146542013403,0.1823032179552412,0.218
ARCH_0053,neither,1,2026-09-25T13:30:11.155Z,59,59,4.271186440677966,1.7402983144453283,0.22656754233940068,0.0006666666666666666
ARCH_0054,neither,1,2026-09-25T13:30:11.203Z,61,61,4.491803278688525,1.7571089021426851,0.22497474153266564,0.01
ARCH_0055,neither,1,2026-09-25T13:30:11.312Z,62,62,4.370967741935484,1.6618562697289563,0.21105595731164029,0.0013333333333333333
ARCH_0056,AESTHETIC,1,2026-09-25T13:30:11.409Z,61,61,5.19672131147541,1.8513028937404015,0.23703504632526268,0.8063333333333333
ARCH_0057,AESTHETIC,1,2026-09-25T13:30:11.479Z,62,62,5.145161290322581,1.3287091503959207,0.16874623084659715,0.823
ARCH_0058,neither,1,2026-09-25T13:30:11.602Z,58,58,4.741379310344827,1.7427578953112477,0.22883532257143774,0.14
ARCH_0059,neither,1,2026-09-25T13:30:11.644Z,61,61,4.770491803278689,1.4764082838988095,0.18903471017748488,0.118
ARCH_0060,CONTROL,1,2026-09-25T13:30:11.742Z,63,63,4.26984126984127,1.9193946391636016,0.24182099442940216,0.0023333333333333335
ARCH_0061,CONTROL,1,2026-09-25T13:30:11.828Z,61,61,4.934426229508197,1.4929707795646499,0.19115532044644118,0.382
ARCH_0062,AESTHETIC,1,2026-09-25T13:30:11.883Z,62,62,5.629032258064516,1.6618562697289563,0.21105595731164029,0.9983333333333333
ARCH_0063,AESTHETIC,1,2026-09-25T13:30:12.015Z,62,62,5.387096774193548,1.497044505943731,0.19012484237979127,0.977
ARCH_0064,neither,1,2026-09-25T13:30:12.076Z,59,59,3.6610169491525424,1.6672315426926017,0.21705505889602877,0.0
ARCH_0065,neither,1,2026-09-25T13:30:12.127Z,63,63,4.523809523809524,1.4464321272073268,0.18223331890117758,0.005666666666666667
ARCH_0066,neither,1,2026-09-25T13:30:12.222Z,60,60,3.75,1.4335566768574977,0.18507137117711786,0.0
ARCH_0067,neither,1,2026-09-25T13:30:12.291Z,60,60,4.15,1.62423384807125,0.20968768813087796,0.0
ARCH_0068,neither,1,2026-09-25T13:30:12.453Z,57,57,4.964912280701754,1.7419704799112434,0.23072962656945648,0.44666666666666666
ARCH_0069,neither,1,2026-09-25T13:30:12.508Z,59,59,4.508474576271187,1.6647758610233208,0.21673535637378952,0.009666666666666667
ARCH_0070,neither,1,2026-09-25T13:30:12.582Z,63,63,4.587301587301587,1.9229926327582747,0.24227429901370257,0.044
ARCH_0071,neither,1,2026-09-25T13:30:12.624Z,60,60,4.483333333333333,1.610260181805209,0.20788369557308337,0.01
ARCH_0072,AESTHETIC,1,2026-09-25T13:30:12.647Z,59,59,5.135593220338983,1.6237210045580177,0.2113904693200977,0.748
ARCH_0073,neither,1,2026-09-25T13:30:12.672Z,63,63,4.746031746031746,1.6061198883489762,0.20235208572981989,0.10433333333333333
ARCH_0074,neither,1,2026-09-25T13:30:12.742Z,58,58,4.344827586206897,1.9516230235094885,0.2562606575039374,0.007666666666666666
ARCH_0075,AESTHETIC,1,2026-09-25T13:30:12.780Z,62,62,5.129032258064516,1.562720106125822,0.19846565194373056,0.7453333333333333
ARCH_0076,neither,1,2026-09-25T13:30:12.818Z,62,62,4.483870967741935,1.6370899359801747,0.20791062978021593,0.004333333333333333
ARCH_0077,neither,1,2026-09-25T13:30:12.928Z,61,61,4.163934426229508,1.634832589480775,0.2093188639697354,0.0
ARCH_0078,CONTROL,1,2026-09-25T13:30:13.127Z,63,63,4.111111111111111,1.6763161522498988,0.21119598369399617,0.0
ARCH_0079,neither,1,2026-09-25T13:30:13.168Z,63,63,3.2063492063492065,1.6959033196607811,0.21366373483006204,0.0
ARCH_0080,AESTHETIC,1,2026-09-25T13:30:13.232Z,59,59,5.0508474576271185,1.5360465242320935,0.19997622420565594,0.6176666666666667
ARCH_0081,CONTROL,1,2026-09-25T13:30:13.475Z,60,60,4.983333333333333,1.692372386262938,0.21848433558592215,0.478
ARCH_0082,neither,1,2026-09-25T13:30:13.520Z,63,63,3.761904761904762,1.4888216353046297,0.18757389493088342,0.0
ARCH_0083,CONTROL,1,2026-09-25T13:30:13.627Z,60,60,4.183333333333334,1.692372386262938,0.21848433558592215,0.0
ARCH_0084,neither,1,2026-09-25T13:30:13.686Z,63,63,3.8412698412698414,1.667588070957082,0.21009634881192243,0.0
ARCH_0085,CONTROL,1,2026-09-25T13:30:13.732Z,59,59,4.813559322033898,1.6344837450398626,0.2127916587825983,0.2
ARCH_0086,neither,1,2026-09-25T13:30:13.753Z,60,60,3.8833333333333333,1.584797122947904,0.204596428809822,0.0
ARCH_0087,neither,1,2026-09-25T13:30:13.848Z,60,60,4.983333333333333,1.5013176886521677,0.19381928018388192,0.49466666666666664
ARCH_0088,AESTHETIC,1,2026-09-25T13:30:13.880Z,61,61,5.032786885245901,1.6224180833430302,0.20772934933795079,0.587
ARCH_0089,AESTHETIC,1,2026-09-25T13:30:13.945Z,60,60,5.183333333333334,1.228084724436991,0.1585450561825397,0.8866666666666667
ARCH_0090,neither,1,2026-09-25T13:30:14.171Z,58,58,4.293103448275862,1.4986382203275397,0.19678083885845218,0.0
ARCH_0091,neither,1,2026-09-25T13:30:14.321Z,59,59,3.5762711864406778,1.8955791566123137,0.2467833860773057,0.0
ARCH_0092,neither,1,2026-09-25T13:30:14.399Z,62,62,4.387096774193548,1.418320857935537,0.18012692908483235,0.0003333333333333333
ARCH_0093,neither,1,2026-09-25T13:30:14.461Z,62,62,3.693548387096774,1.6849255436915425,0.21398575803469091,0.0
ARCH_0094,neither,1,2026-09-25T13:30:14.561Z,59,59,4.47457627118644,1.3690662839220245,0.1782372485643718,0.003
ARCH_0095,neither,1,2026-09-25T13:30:14.647Z,62,62,3.903225806451613,1.6064386578049976,0.20401791355925025,0.0
ARCH_0096,neither,1,2026-09-25T13:30:14.734Z,60,60,4.066666666666666,1.7742667778183914,0.22905685607399082,0.0
ARCH_0097,AESTHETIC,1,2026-09-25T13:30:14.864Z,62,62,5.403225806451613,1.4537647837721979,0.1846283121674736,0.984
ARCH_0098,neither,1,2026-09-25T13:30:15.226Z,61,61,4.655737704918033,1.4931537753096,0.1911787506506656,0.037
ARCH_0099,neither,1,2026-09-25T13:30:15.278Z,61,61,3.80327868852459,1.9306274639017191,0.2471915167907359,0.0
ARCH_0100,CONTROL,1,2026-09-25T13:30:15.330Z,62,62,3.8548387096774195,1.7541218361852506,0.2227736959693342,0.0
ARCH_0101,neither,1,2026-09-25T13:30:15.393Z,62,62,2.967741935483871,1.6592289532177864,0.210722287781052,0.0
ARCH_0102,neither,1,2026-09-25T13:30:15.445Z,60,60,3.3,1.8893098013358554,0.2439088465466737,0.0
ARCH_0103,neither,1,2026-09-25T13:30:15.522Z,60,60,3.8333333333333335,1.7090652283638155,0.22063937223450777,0.0
ARCH_0104,AESTHETIC,1,2026-09-25T13:30:15.630Z,59,59,5.254237288135593,1.5266960081641152,0.19875889070165714,0.9073333333333333
ARCH_0105,neither,1,2026-09-25T13:30:15.693Z,59,59,3.8983050847457625,1.7974590806741158,0.23400924024555597,0.0
ARCH_0106,neither,1,2026-09-25T13:30:15.836Z,59,59,4.576271186440678,1.631620622640089,0.21241891199536694,0.025
ARCH_0107,neither,1,2026-09-25T13:30:15.999Z,61,61,4.934426229508197,1.5691701889748007,0.20091165508004624,0.39366666666666666
ARCH_0108,neither,1,2026-09-25T13:30:16.274Z,61,61,4.360655737704918,1.570910424830623,0.20113446944937308,0.0006666666666666666
ARCH_0109,CONTROL,1,2026-09-25T13:30:16.345Z,62,62,3.5483870967741935,1.666225924449079,0.21161090401604285,0.0
ARCH_0110,neither,1,2026-09-25T13:30:16.446Z,58,58,3.9655172413793105,1.834996221052367,0.24094680809745722,0.0
ARCH_0111,neither,1,2026-09-25T13:30:16.520Z,59,59,4.830508474576271,1.6098033974293942,0.20957855120456323,0.21333333333333335
ARCH_0112,neither,1,2026-09-25T13:30:16.578Z,60,60,4.783333333333333,1.8048115227824657,0.2330001656926579,0.19333333333333333
ARCH_0113,CONTROL,1,2026-09-25T13:30:16.739Z,62,62,4.258064516129032,1.8010514585722335,0.228733763972552,0.0023333333333333335
ARCH_0114,neither,1,2026-09-25T13:30:16.927Z,57,57,4.245614035087719,1.9112514762620287,0.25315144227973896,0.0033333333333333335
ARCH_0115,neither,1,2026-09-25T13:30:17.081Z,61,61,4.704918032786885,1.6262867961000604,0.20822468724871754,0.088
ARCH_0116,CONTROL,1,2026-09-25T13:30:17.222Z,61,61,4.80327868852459,1.3640585536203778,0.17464980125133206,0.14433333333333334
ARCH_0117,CONTROL,1,2026-09-25T13:30:17.379Z,62,62,3.661290322580645,1.9497250616357134,0.24761533044318984,0.0
ARCH_0118,AESTHETIC,1,2026-09-25T13:30:17.766Z,62,62,6.0,1.4142135623730951,0.1796053020267749,1.0
ARCH_0119,neither,1,2026-09-25T13:30:17.844Z,62,62,4.370967741935484,1.517481422553442,0.1927203333847169,0.0006666666666666666
ARCH_0120,neither,1,2026-09-25T13:30:17.955Z,63,63,4.063492063492063,1.7768494760164317,0.22386199193975737,0.0
ARCH_0121,CONTROL,1,2026-09-25T13:30:18.034Z,63,63,4.555555555555555,1.583969877704972,0.1995614466964166,0.013666666666666667
ARCH_0122,neither,1,2026-09-25T13:30:18.088Z,60,60,3.9833333333333334,1.4200938936093863,0.18333333333333335,0.0
ARCH_0123,neither,1,2026-09-25T13:30:18.246Z,60,60,4.4,1.6793864900763162,0.21680786359704332,0.0036666666666666666
ARCH_0124,neither,1,2026-09-25T13:30:18.526Z,60,60,4.1,1.9195691607003547,0.24781531304286072,0.0
ARCH_0125,CONTROL,1,2026-09-25T13:30:18.665Z,60,60,3.9166666666666665,1.6701940074730453,0.215621119195951,0.0
ARCH_0126,neither,1,2026-09-25T13:30:18.756Z,61,61,3.9672131147540983,1.570214561928338,0.20104537333450348,0.0
ARCH_0127,neither,1,2026-09-25T13:30:18.868Z,61,61,4.737704918032787,1.459470672815574,0.18686607130087055,0.085
ARCH_0128,neither,1,2026-09-25T13:30:18.917Z,61,61,3.1147540983606556,1.539462683922951,0.19710799882261668,0.0
ARCH_0129,CONTROL,1,2026-09-25T13:30:19.316Z,62,62,4.17741935483871,1.684297718595246,0.21390602416772736,0.0
ARCH_0130,neither,1,2026-09-25T13:30:19.382Z,58,58,3.810344827586207,1.3695548841730476,0.17983136644637338,0.0
ARCH_0131,neither,1,2026-09-25T13:30:19.455Z,56,56,3.625,1.6018455265440208,0.2140556123880082,0.0
ARCH_0132,neither,1,2026-09-25T13:30:19.551Z,63,63,4.2063492063492065,1.5776537311599486,0.19876568702963698,0.0
ARCH_0133,neither,1,2026-09-25T13:30:19.655Z,58,58,4.793103448275862,1.5532492337333252,0.20395161622362037,0.15833333333333333
ARCH_0134,neither,1,2026-09-25T13:30:19.675Z,59,59,4.610169491525424,1.5758626444667054,0.2051598415384816,0.03233333333333333
ARCH_0135,CONTROL,1,2026-09-25T13:30:19.836Z,59,59,3.983050847457627,1.8240871635227798,0.2374759213531307,0.0
ARCH_0136,neither,1,2026-09-25T13:30:19.894Z,62,62,4.612903225806452,1.8585631565471943,0.2360377569193686,0.051666666666666666
ARCH_0137,CONTROL,1,2026-09-25T13:30:20.017Z,57,57,3.7719298245614037,1.7218920641845568,0.22807017543859645,0.0
ARCH_0138,neither,1,2026-09-25T13:30:20.330Z,59,59,4.135593220338983,1.6964224742049738,0.22085539448014033,0.0
ARCH_0139,neither,1,2026-09-25T13:30:20.439Z,61,61,3.7868852459016393,1.6136372382329376,0.2066050773268805,0.0
ARCH_0140,CONTROL,1,2026-09-25T13:30:20.535Z,59,59,4.627118644067797,1.7110019759027038,0.22275348392881086,0.046
ARCH_0141,AESTHETIC,1,2026-09-25T13:30:20.905Z,59,59,5.9491525423728815,1.4671545156803891,0.19100724863702795,1.0
ARCH_0142,CONTROL,1,2026-09-25T13:30:21.093Z,62,62,4.225806451612903,1.805450353324164,0.22929242416470763,0.0003333333333333333
ARCH_0143,neither,1,2026-09-25T13:30:21.146Z,59,59,4.067796610169491,1.8741840227210331,0.24399797689571098,0.0
ARCH_0144,neither,1,2026-09-25T13:30:21.179Z,58,58,3.706896551724138,1.7371949631483223,0.22810487379288338,0.0
ARCH_0145,AESTHETIC,1,2026-09-25T13:30:21.239Z,57,57,5.035087719298246,1.5579853323248427,0.20636019844969894,0.5826666666666667
ARCH_0146,neither,1,2026-09-25T13:30:21.286Z,60,60,4.316666666666666,1.6823275509545,0.21718755292375624,0.0013333333333333333
ARCH_0147,AESTHETIC,1,2026-09-25T13:30:21.399Z,60,60,5.033333333333333,1.47253576592248,0.19010354993708495,0.59
ARCH_0148,neither,1,2026-09-25T13:30:21.503Z,60,60,3.85,1.7928766772037101,0.23145938375378866,0.0
ARCH_0149,neither,1,2026-09-25T13:30:22.384Z,59,59,4.186440677966102,1.5699173739644376,0.20438583324630497,0.0
ARCH_0150,neither,1,2026-09-25T13:30:22.570Z,62,62,3.8548387096774195,1.7353298377225328,0.22038710977798162,0.0
ARCH_0151,neither,1,2026-09-25T13:30:22.602Z,57,57,4.035087719298246,1.6142768425244713,0.21381619111844546,0.0
ARCH_0152,neither,1,2026-09-25T13:30:22.648Z,61,61,3.5737704918032787,1.431304956947128,0.18325982091999826,0.0
ARCH_0153,CONTROL,1,2026-09-25T13:30:22.715Z,62,62,3.435483870967742,1.834290569451365,0.2329551352755751,0.0
ARCH_0154,neither,1,2026-09-25T13:30:22.791Z,59,59,3.593220338983051,1.7132208431811198,0.22304235584339882,0.0
ARCH_0155,AESTHETIC,1,2026-09-25T13:30:22.895Z,60,60,5.533333333333333,1.641275513353704,0.21188775765856416,0.993
ARCH_0156,AESTHETIC,1,2026-09-25T13:30:23.317Z,59,59,5.101694915254237,1.6368063443079652,0.21309403545195743,0.696
ARCH_0157,neither,1,2026-09-25T13:30:23.336Z,61,61,3.737704918032787,1.7502536896524679,0.2240970215141412,0.0
ARCH_0158,neither,1,2026-09-25T13:30:23.383Z,61,61,4.114754098360656,1.539462683922951,0.19710799882261668,0.0
ARCH_0159,neither,1,2026-09-25T13:30:23.492Z,58,58,4.862068965517241,1.6053449742620383,0.21079212207963136,0.2673333333333333
ARCH_0160,neither,1,2026-09-25T13:30:23.566Z,63,63,3.7777777777777777,1.4305925283178482,0.18023771701886449,0.0
ARCH_0161,neither,1,2026-09-25T13:30:23.635Z,57,57,4.614035087719298,1.780393074224585,0.2358188235104969,0.05466666666666667
ARCH_0162,neither,1,2026-09-25T13:30:23.764Z,61,61,4.131147540983607,1.5966152723398492,0.2044256379236053,0.0
ARCH_0163,neither,1,2026-09-25T13:30:23.856Z,60,60,3.6,1.7964182820456367,0.23191660297284297,0.0
ARCH_0164,neither,1,2026-09-25T13:30:24.028Z,61,61,4.163934426229508,1.5185555402953654,0.1944311133842317,0.0
ARCH_0165,neither,1,2026-09-25T13:30:24.192Z,60,60,4.5,1.4320780207890624,0.1848804774995239,0.005
ARCH_0166,neither,1,2026-09-25T13:30:24.277Z,60,60,3.433333333333333,1.4304991029762373,0.18467664008638718,0.0
ARCH_0167,CONTROL,1,2026-09-25T13:30:24.374Z,56,56,4.303571428571429,1.476108432296254,0.19725328640644935,0.0
ARCH_0168,neither,1,2026-09-25T13:30:24.526Z,63,63,4.666666666666667,1.684847078348464,0.2122707793563711,0.060333333333333336
ARCH_0169,neither,1,2026-09-25T13:30:24.594Z,58,58,4.5344827586206895,1.48932478803615,0.19555792528658925,0.011
ARCH_0170,neither,1,2026-09-25T13:30:24.712Z,56,56,4.892857142857143,1.7443787268988187,0.23310241245829602,0.3393333333333333
ARCH_0171,AESTHETIC,1,2026-09-25T13:30:24.811Z,58,58,5.327586206896552,1.8101849380607087,0.23768892703314948,0.9086666666666666
ARCH_0172,CONTROL,1,2026-09-25T13:30:24.953Z,60,60,4.633333333333334,1.8500267214439088,0.23883742273969888,0.069
ARCH_0173,neither,1,2026-09-25T13:30:24.982Z,60,60,3.816666666666667,1.7319692590009483,0.2235962698751291,0.0
ARCH_0174,AESTHETIC,1,2026-09-25T13:30:25.033Z,61,61,5.19672131147541,1.3640585536203778,0.17464980125133206,0.89
ARCH_0175,neither,1,2026-09-25T13:30:25.127Z,61,61,4.409836065573771,1.706624828722156,0.21851091828559785,0.005333333333333333
ARCH_0176,AESTHETIC,1,2026-09-25T13:30:25.270Z,58,58,5.0344827586206895,1.7164377354560576,0.22537931626855504,0.579
ARCH_0177,neither,1,2026-09-25T13:30:25.494Z,60,60,4.216666666666667,1.6983707713088327,0.21925872376548514,0.0006666666666666666
ARCH_0178,neither,1,2026-09-25T13:30:25.581Z,62,62,4.032258064516129,2.0642764932313855,0.26216337680389384,0.0
ARCH_0179,neither,1,2026-09-25T13:30:25.781Z,59,59,4.491525423728813,1.622820887517529,0.21127328406284118,0.01
ARCH_0180,neither,1,2026-09-25T13:30:25.864Z,61,61,3.3278688524590163,1.814031527431004,0.23226293687217134,0.0
ARCH_0181,neither,1,2026-09-25T13:30:25.957Z,63,63,4.682539682539683,1.644398084067167,0.20717468508727657,0.06166666666666667
ARCH_0182,neither,1,2026-09-25T13:30:26.108Z,60,60,3.95,1.6200544037736637,0.2091481241921795,0.0
ARCH_0183,neither,1,2026-09-25T13:30:26.198Z,60,60,4.45,1.4546826784268976,0.1877987262521258,0.002
ARCH_0184,neither,1,2026-09-25T13:30:26.746Z,62,62,4.290322580645161,1.7498205694823097,0.222227434551799,0.0003333333333333333
ARCH_0185,neither,1,2026-09-25T13:30:26.977Z,58,58,4.310344827586207,1.6459082338015039,0.2161183389949217,0.0006666666666666666
ARCH_0186,neither,1,2026-09-25T13:30:27.028Z,60,60,4.55,1.5340762140482047,0.19804838762738738,0.010666666666666666
ARCH_0187,neither,1,2026-09-25T13:30:27.134Z,59,59,4.728813559322034,1.3750298865037416,0.17901364349000798,0.071
ARCH_0188,neither,1,2026-09-25T13:30:27.223Z,59,59,4.186440677966102,1.4559577517457365,0.18954955413386615,0.0
ARCH_0189,CONTROL,1,2026-09-25T13:30:27.370Z,61,61,3.7540983606557377,1.8317181160949958,0.2345274725013654,0.0
ARCH_0190,neither,1,2026-09-25T13:30:27.445Z,60,60,4.783333333333333,1.6983707713088327,0.21925872376548514,0.16966666666666666
ARCH_0191,neither,1,2026-09-25T13:30:27.525Z,61,61,4.836065573770492,1.4512101601634926,0.18580842103425185,0.20533333333333334
ARCH_0192,AESTHETIC,1,2026-09-25T13:30:27.628Z,60,60,5.016666666666667,1.523729442003855,0.19671262510022833,0.5503333333333333
ARCH_0193,CONTROL,1,2026-09-25T13:30:27.662Z,62,62,4.741935483870968,1.5250421533649239,0.19368054715798932,0.097
ARCH_0194,AESTHETIC,1,2026-09-25T13:30:27.758Z,61,61,5.557377049180328,1.4551585270333318,0.18631395760909647,0.9973333333333333
ARCH_0195,neither,1,2026-09-25T13:30:27.801Z,62,62,4.67741935483871,1.5446809161551787,0.1961746725264783,0.047
ARCH_0196,neither,1,2026-09-25T13:30:27.880Z,61,61,4.475409836065574,1.9967186196110955,0.2556536221589236,0.020666666666666667
ARCH_0197,neither,1,2026-09-25T13:30:27.931Z,58,58,4.103448275862069,1.5411280349421634,0.20236002484836932,0.0
ARCH_0198,AESTHETIC,1,2026-09-25T13:30:28.031Z,63,63,5.4603174603174605,1.341946069122063,0.16906931294084152,0.9946666666666667
ARCH_0199,CONTROL,1,2026-09-25T13:30:28.086Z,62,62,4.887096774193548,1.7750995235056766,0.22543786492319856,0.33
ARCH_0200,neither,1,2026-09-25T13:30:28.184Z,59,59,4.423728813559322,1.8023298124306093,0.2346433555086136,0.006666666666666667
ARCH_0201,neither,1,2026-09-25T13:30:28.260Z,59,59,4.203389830508475,1.873404249846539,0.2438964591143682,0.0006666666666666666
ARCH_0202,CONTROL,1,2026-09-25T13:30:28.332Z,60,60,3.65,1.5162956645631092,0.1957529285593143,0.0
ARCH_0203,neither,1,2026-09-25T13:30:28.402Z,58,58,4.482758620689655,1.5013605444973916,0.19713829753428325,0.004333333333333333
ARCH_0204,neither,1,2026-09-25T13:30:28.531Z,58,58,3.9482758620689653,1.781212023719306,0.2338845970014296,0.0
ARCH_0205,neither,1,2026-09-25T13:30:28.725Z,62,62,3.3548387096774195,1.670346721576175,0.21213424577452605,0.0
ARCH_0206,neither,1,2026-09-25T13:30:28.924Z,62,62,4.17741935483871,1.6449046367134914,0.20890309776581562,0.0
ARCH_0207,neither,1,2026-09-25T13:30:28.965Z,60,60,3.716666666666667,1.5954561184779417,0.20597249921565985,0.0
ARCH_0208,neither,1,2026-09-25T13:30:29.018Z,60,60,4.433333333333334,1.960341259349337,0.2530789683447752,0.009
ARCH_0209,neither,1,2026-09-25T13:30:29.154Z,62,62,4.225806451612903,1.5828937480647938,0.20102770703203635,0.0
ARCH_0210,neither,1,2026-09-25T13:30:29.235Z,62,62,3.9193548387096775,1.6022360102934652,0.20348417679154862,0.0
ARCH_0211,neither,1,2026-09-25T13:30:29.310Z,63,63,4.301587301587301,1.7286478086318686,0.21778915266936655,0.0003333333333333333
ARCH_0212,CONTROL,1,2026-09-25T13:30:29.386Z,61,61,3.7049180327868854,1.6767454815314298,0.21468525989686552,0.0
ARCH_0213,AESTHETIC,1,2026-09-25T13:30:29.404Z,61,61,5.229508196721311,1.5852806546786473,0.2029743888430327,0.8773333333333333
ARCH_0214,neither,1,2026-09-25T13:30:29.464Z,64,64,3.5,1.4907119849998598,0.18633899812498247,0.0
ARCH_0215,neither,1,2026-09-25T13:30:29.739Z,62,62,4.629032258064516,1.6618562697289563,0.21105595731164029,0.034666666666666665
ARCH_0216,neither,1,2026-09-25T13:30:29.825Z,63,63,4.301587301587301,1.7564160782218285,0.22128762579668235,0.0016666666666666668
ARCH_0217,neither,1,2026-09-25T13:30:29.859Z,61,61,3.8360655737704916,1.6751151987137332,0.21447652357147945,0.0
ARCH_0218,neither,1,2026-09-25T13:30:30.000Z,60,60,4.3,1.6187461144511963,0.20897922476691494,0.0003333333333333333
ARCH_0219,neither,1,2026-09-25T13:30:30.091Z,61,61,4.754098360655738,1.4680569664800478,0.18796543355185738,0.104
ARCH_0220,neither,1,2026-09-25T13:30:30.120Z,63,63,4.428571428571429,1.6724936541109723,0.21071439419577678,0.0013333333333333333
ARCH_0221,neither,1,2026-09-25T13:30:30.259Z,60,60,3.9166666666666665,1.4647457888619106,0.1890978682229875,0.0
ARCH_0222,neither,1,2026-09-25T13:30:30.292Z,64,64,4.90625,1.6106663315988299,0.20133329144985374,0.3323333333333333
ARCH_0223,CONTROL,1,2026-09-25T13:30:30.435Z,61,61,4.721311475409836,1.4847126269751514,0.19009797235487202,0.07933333333333334
ARCH_0224,AESTHETIC,1,2026-09-25T13:30:30.475Z,59,59,5.254237288135593,1.7079249391867222,0.2223528878697092,0.8836666666666667
ARCH_0225,AESTHETIC,1,2026-09-25T13:30:30.582Z,60,60,5.7,1.2527934887377596,0.16173494393728108,1.0
ARCH_0226,neither,1,2026-09-25T13:30:30.635Z,60,60,3.316666666666667,1.4319793894296848,0.18486774424578115,0.0
ARCH_0227,CONTROL,1,2026-09-25T13:30:30.793Z,60,60,4.916666666666667,1.6394673242686575,0.21165432145145816,0.378
ARCH_0228,neither,1,2026-09-25T13:30:30.855Z,60,60,2.9166666666666665,1.3440599596525604,0.17351739466795263,0.0
ARCH_0229,neither,1,2026-09-25T13:30:30.898Z,59,59,4.5423728813559325,1.7352534734680505,0.22591075998649746,0.021333333333333333
ARCH_0230,AESTHETIC,1,2026-09-25T13:30:31.046Z,60,60,5.066666666666666,1.6142025020158173,0.2083926469237868,0.6426666666666667
ARCH_0231,CONTROL,1,2026-09-25T13:30:31.078Z,61,61,4.147540983606557,1.8871147781182653,0.24162028826552198,0.0
ARCH_0232,neither,1,2026-09-25T13:30:31.183Z,60,60,4.833333333333333,1.6790500408111788,0.21676442818368596,0.239
ARCH_0233,neither,1,2026-09-25T13:30:31.245Z,58,58,4.9655172413793105,1.6000604949241193,0.2100982359482483,0.44566666666666666
ARCH_0234,CONTROL,1,2026-09-25T13:30:31.315Z,59,59,3.305084745762712,1.9586610247655694,0.254995945794814,0.0
ARCH_0235,neither,1,2026-09-25T13:30:31.402Z,59,59,4.254237288135593,1.5602079916492908,0.20312177933639952,0.0
ARCH_0236,neither,1,2026-09-25T13:30:31.453Z,62,62,4.032258064516129,1.7458873636089203,0.22172791690636065,0.0
ARCH_0237,neither,1,2026-09-25T13:30:31.562Z,62,62,4.274193548387097,1.56989458598507,0.19937681179701536,0.0
ARCH_0238,CONTROL,1,2026-09-25T13:30:31.626Z,58,58,4.586206896551724,1.6008164885854475,0.21019750277918187,0.025
ARCH_0239,neither,1,2026-09-25T13:30:31.823Z,60,60,3.8666666666666667,1.5234513299748893,0.1966767209916762,0.0
ARCH_0240,neither,1,2026-09-25T13:30:31.953Z,58,58,3.8620689655172415,1.5153978791071405,0.1989814898687477,0.0
ARCH_0241,neither,1,2026-09-25T13:30:32.058Z,61,61,4.885245901639344,1.6031049108499593,0.20525655099033216,0.30666666666666664
ARCH_0242,neither,1,2026-09-25T13:30:32.134Z,61,61,3.4262295081967213,1.7268373441394973,0.2210988656952298,0.0
ARCH_0243,neither,1,2026-09-25T13:30:32.219Z,63,63,4.492063492063492,1.490540234093708,0.18779041802609284,0.0023333333333333335
ARCH_0244,neither,1,2026-09-25T13:30:32.261Z,60,60,4.35,1.7738687013112122,0.22900546461789678,0.003
ARCH_0245,CONTROL,1,2026-09-25T13:30:32.701Z,61,61,4.442622950819672,1.7561756761396288,0.22485525418696206,0.006666666666666667
ARCH_0246,AESTHETIC,1,2026-09-25T13:30:32.762Z,62,62,5.612903225806452,1.334962868147907,0.16954045379532276,1.0
ARCH_0247,AESTHETIC,1,2026-09-25T13:30:32.816Z,61,61,5.147540983606557,1.6716864296648708,0.21403751468045262,0.7693333333333333
ARCH_0248,neither,1,2026-09-25T13:30:32.892Z,58,58,3.706896551724138,1.5784582827918565,0.20726172653128186,0.0
ARCH_0249,AESTHETIC,1,2026-09-25T13:30:32.950Z,60,60,5.633333333333334,1.4609802451902487,0.18861173862532873,0.9983333333333333
ARCH_0250,AESTHETIC,1,2026-09-25T13:30:33.048Z,61,61,5.409836065573771,1.7923638877222807,0.2294886798883563,0.9636666666666667
ARCH_0251,neither,1,2026-09-25T13:30:33.256Z,58,58,3.8448275862068964,1.673338129628246,0.21972006076964498,0.0
ARCH_0252,neither,1,2026-09-25T13:30:33.331Z,58,58,4.672413793103448,1.6794728813245718,0.22052559313136968,0.06466666666666666
ARCH_0253,CONTROL,1,2026-09-25T13:30:33.403Z,59,59,4.728813559322034,1.7402983144453283,0.22656754233940068,0.124
ARCH_0254,neither,1,2026-09-25T13:30:33.515Z,61,61,4.540983606557377,1.6790252181132095,0.2149771502558655,0.017666666666666667
ARCH_0255,neither,1,2026-09-25T13:30:33.704Z,60,60,4.433333333333334,1.5111637301130014,0.1950903986706778,0.0016666666666666668
ARCH_0256,neither,1,2026-09-25T13:30:33.992Z,62,62,4.419354838709677,1.6550804754519048,0.21019543057792758,0.002
ARCH_0257,neither,1,2026-09-25T13:30:34.084Z,59,59,4.4576271186440675,1.6222805775683036,0.21120294169895942,0.005666666666666667
ARCH_0258,CONTROL,1,2026-09-25T13:30:34.198Z,59,59,4.593220338983051,1.5326182698110131,0.1995299034960103,0.026333333333333334
ARCH_0259,neither,1,2026-09-25T13:30:34.244Z,58,58,4.344827586206897,1.6707149865381572,0.2193756252076048,0.0013333333333333333
ARCH_0260,neither,1,2026-09-25T13:30:34.377Z,60,60,4.433333333333334,1.807392228230128,0.23333333333333334,0.008
ARCH_0261,neither,1,2026-09-25T13:30:34.601Z,60,60,4.3,1.8803173190552125,0.24274792207620718,0.003
ARCH_0262,neither,1,2026-09-25T13:30:34.911Z,61,61,4.081967213114754,1.7728985867519618,0.2269964034851619,0.0
ARCH_0263,neither,1,2026-09-25T13:30:35.044Z,59,59,4.898305084745763,1.5832628384647183,0.20612326473612974,0.3343333333333333
ARCH_0264,CONTROL,1,2026-09-25T13:30:35.210Z,60,60,4.55,1.7214991495884908,0.22224458456221519,0.023
ARCH_0265,neither,1,2026-09-25T13:30:35.276Z,59,59,4.11864406779661,1.692628498282172,0.22036146088646327,0.0
ARCH_0266,neither,1,2026-09-25T13:30:35.361Z,60,60,3.783333333333333,1.4967950695489305,0.19323541256827934,0.0
ARCH_0267,neither,1,2026-09-25T13:30:35.502Z,58,58,4.051724137931035,1.5150984426716587,0.19894217193853636,0.0
ARCH_0268,AESTHETIC,1,2026-09-25T13:30:35.575Z,60,60,5.15,1.4476749330786964,0.18689403021785758,0.7986666666666666
ARCH_0269,neither,1,2026-09-25T13:30:35.985Z,61,61,4.278688524590164,1.5398176032784279,0.19715344158951972,0.0003333333333333333
ARCH_0270,neither,1,2026-09-25T13:30:36.139Z,60,60,4.1,1.6436833378890952,0.2121986064694361,0.0
ARCH_0271,neither,1,2026-09-25T13:30:36.184Z,63,63,3.492063492063492,1.7215242296648314,0.2168916660792946,0.0
ARCH_0272,neither,1,2026-09-25T13:30:36.398Z,60,60,4.066666666666666,1.6556699362654104,0.21374606966574097,0.0
ARCH_0273,neither,1,2026-09-25T13:30:36.542Z,59,59,4.745762711864407,1.6876143163218866,0.21970866999759403,0.129
ARCH_0274,AESTHETIC,1,2026-09-25T13:30:36.662Z,61,61,5.065573770491803,1.5902709670474018,0.20361333286861857,0.6486666666666666
ARCH_0275,neither,1,2026-09-25T13:30:36.704Z,61,61,4.918032786885246,1.6662841091003773,0.21334581841097755,0.372
ARCH_0276,neither,1,2026-09-25T13:30:36.741Z,63,63,4.650793650793651,1.6279685556003691,0.2051047590643621,0.04733333333333333
ARCH_0277,neither,1,2026-09-25T13:30:36.820Z,61,61,4.950819672131147,1.3835489330967745,0.17714528862819806,0.401
ARCH_0278,neither,1,2026-09-25T13:30:36.886Z,59,59,3.9661016949152543,1.6078053332041902,0.20931842539901419,0.0
ARCH_0279,neither,1,2026-09-25T13:30:36.933Z,62,62,4.82258064516129,1.583979151506147,0.20116555340693465,0.20466666666666666
ARCH_0280,CONTROL,1,2026-09-25T13:30:36.961Z,60,60,4.616666666666666,1.7083212759668203,0.2205433283930433,0.04
ARCH_0281,neither,1,2026-09-25T13:30:37.033Z,60,60,4.65,1.6957074419880218,0.21891488942865292,0.060333333333333336
ARCH_0282,neither,1,2026-09-25T13:30:37.173Z,63,63,4.587301587301587,1.9808349545723145,0.24956174657439378,0.047
ARCH_0283,neither,1,2026-09-25T13:30:37.348Z,60,60,4.683333333333334,1.631175791653627,0.21058388919370655,0.071
ARCH_0284,neither,1,2026-09-25T13:30:37.459Z,62,62,4.467741935483871,1.6368476494142377,0.2078798593555715,0.005
ARCH_0285,AESTHETIC,1,2026-09-25T13:30:37.504Z,59,59,5.033898305084746,1.4967332438590848,0.19485807104681013,0.6003333333333334
ARCH_0286,neither,1,2026-09-25T13:30:37.769Z,62,62,4.5,1.7810477667769002,0.226193292574072,0.011
ARCH_0287,CONTROL,1,2026-09-25T13:30:37.839Z,63,63,4.333333333333333,1.534548373195651,0.1933349223940204,0.0
ARCH_0288,AESTHETIC,1,2026-09-25T13:30:38.006Z,58,58,5.224137931034483,1.5222686607094356,0.19988366769190327,0.87
ARCH_0289,AESTHETIC,1,2026-09-25T13:30:38.351Z,64,64,5.171875,1.741689450750949,0.21771118134386863,0.7866666666666666
ARCH_0290,neither,1,2026-09-25T13:30:38.385Z,61,61,4.065573770491803,1.7016546110478905,0.21787454712199758,0.0
ARCH_0291,neither,1,2026-09-25T13:30:38.440Z,62,62,4.0,1.6889224423855118,0.21449336467643193,0.0
ARCH_0292,neither,1,2026-09-25T13:30:38.475Z,61,61,4.327868852459017,1.8048205033133704,0.2310835860831629,0.002
ARCH_0293,CONTROL,1,2026-09-25T13:30:38.566Z,62,62,4.080645161290323,1.612435151541612,0.20477946902535613,0.0
ARCH_0294,neither,1,2026-09-25T13:30:38.819Z,64,64,4.671875,1.690821980059985,0.21135274750749813,0.06233333333333333
ARCH_0295,AESTHETIC,1,2026-09-25T13:30:38.961Z,60,60,5.083333333333333,1.4531283222427238,0.18759805973161311,0.681
ARCH_0296,neither,1,2026-09-25T13:30:39.004Z,61,61,4.508196721311475,1.8039119603394558,0.23096725907549792,0.018666666666666668
ARCH_0297,neither,1,2026-09-25T13:30:39.193Z,63,63,4.333333333333333,1.6362821745770837,0.20615217660280657,0.0006666666666666666
ARCH_0298,neither,1,2026-09-25T13:30:39.513Z,60,60,4.5,1.7898016176404787,0.2310623952712223,0.013
ARCH_0299,neither,1,2026-09-25T13:30:39.677Z,61,61,4.540983606557377,1.6889224423855123,0.21624435997168726,0.018333333333333333
ARCH_0300,AESTHETIC,1,2026-09-25T13:30:39.821Z,60,60,5.416666666666667,1.543621832438865,0.19928072166259667,0.9786666666666667
ARCH_0301,neither,2,2026-09-26T13:45:55.147Z,17,17,4.588235294117647,1.6605279103876789,0.4027371746361516,0.16066666666666668
ARCH_0302,neither,2,2026-09-26T13:45:55.190Z,15,15,4.933333333333334,1.334523278535216,0.3445724288595342,0.43566666666666665
ARCH_0303,neither,2,2026-09-26T13:45:55.203Z,17,17,4.0,1.2747548783981961,0.3091734712004211,0.0003333333333333333
ARCH_0304,CONTROL,2,2026-09-26T13:45:55.251Z,18,18,3.2777777777777777,1.5264551613058028,0.35978893191217953,0.0
ARCH_0305,neither,2,2026-09-26T13:45:55.277Z,17,17,4.117647058823529,1.691240407998537,0.410186049440628,0.014
ARCH_0306,CONTROL,2,2026-09-26T13:45:55.301Z,17,17,4.0588235294117645,1.6382379343098379,0.39733106135606755,0.013666666666666667
ARCH_0307,neither,2,2026-09-26T13:45:55.315Z,17,17,2.411764705882353,1.175735064194511,0.2851576386715488,0.0
ARCH_0308,neither,2,2026-09-26T13:45:55.328Z,15,15,4.466666666666667,1.3020130933435716,0.33617833513757706,0.059
ARCH_0309,CONTROL,2,2026-09-26T13:45:55.349Z,15,15,3.8666666666666667,0.8338093878327913,0.2152886581991868,0.0
ARCH_0310,neither,2,2026-09-26T13:45:55.364Z,16,16,2.625,1.3102162671355697,0.32755406678389243,0.0
ARCH_0311,neither,2,2026-09-26T13:45:55.385Z,17,17,4.588235294117647,1.8727928185403935,0.4542189768082501,0.19333333333333333
ARCH_0312,neither,2,2026-09-26T13:45:55.441Z,17,17,3.1176470588235294,1.6538724611187703,0.40112299108781924,0.0
ARCH_0313,neither,2,2026-09-26T13:45:55.476Z,17,17,3.0,1.5811388300841898,0.38348249442368526,0.0
ARCH_0314,neither,2,2026-09-26T13:45:55.490Z,16,16,4.75,1.390443574307614,0.3476108935769035,0.25466666666666665
ARCH_0315,neither,2,2026-09-26T13:45:55.581Z,18,18,4.722222222222222,1.1785113019775786,0.2777777777777777,0.17933333333333334
ARCH_0316,neither,2,2026-09-26T13:45:55.612Z,17,17,4.647058823529412,1.5387160422974504,0.3731934570720447,0.17433333333333334
ARCH_0317,neither,2,2026-09-26T13:45:55.636Z,16,16,3.8125,1.558578412100805,0.38964460302520126,0.0006666666666666666
ARCH_0318,neither,2,2026-09-26T13:45:55.645Z,16,16,2.8125,1.42448821218944,0.35612205304736,0.0
ARCH_0319,CONTROL,2,2026-09-26T13:45:55.652Z,16,16,3.9375,1.3889444433333777,0.34723611083334444,0.0003333333333333333
ARCH_0320,neither,2,2026-09-26T13:45:55.831Z,16,16,4.0,1.3165611772087666,0.32914029430219166,0.0013333333333333333
ARCH_0321,neither,2,2026-09-26T13:45:55.961Z,16,16,4.5,1.3165611772087666,0.32914029430219166,0.06233333333333333
ARCH_0322,CONTROL,2,2026-09-26T13:45:56.022Z,17,17,4.529411764705882,1.662740473541479,0.40327380002359087,0.13133333333333333
ARCH_0323,neither,2,2026-09-26T13:45:56.066Z,17,17,4.352941176470588,1.9981609191512901,0.48462520744953175,0.093
ARCH_0324,neither,2,2026-09-26T13:45:56.082Z,15,15,4.666666666666667,1.6329931618554516,0.4216370213557838,0.20966666666666667
ARCH_0325,neither,2,2026-09-26T13:45:56.166Z,17,17,4.235294117647059,1.678146736905994,0.40701036773817784,0.028666666666666667
ARCH_0326,neither,2,2026-09-26T13:45:56.866Z,15,15,3.2666666666666666,1.1629191512658792,0.3002644337225609,0.0
ARCH_0327,neither,2,2026-09-26T13:45:56.878Z,16,16,4.1875,1.1672617529928753,0.2918154382482188,0.004
ARCH_0328,neither,2,2026-09-26T13:45:56.888Z,15,15,4.4,1.4540583599999404,0.3754362541795625,0.059
ARCH_0329,neither,2,2026-09-26T13:45:56.929Z,16,16,4.625,1.5864005379054391,0.3966001344763598,0.17666666666666667
ARCH_0330,neither,2,2026-09-26T13:45:56.960Z,16,16,4.6875,1.8154430129677255,0.45386075324193137,0.25733333333333336
ARCH_0331,neither,2,2026-09-26T13:45:56.996Z,17,17,3.7058823529411766,1.403776419268438,0.34046579125853604,0.0
ARCH_0332,AESTHETIC,2,2026-09-26T13:45:57.013Z,18,18,5.5,1.2485285456935955,0.29428100038830657,0.9496666666666667
ARCH_0333,neither,2,2026-09-26T13:45:57.080Z,14,14,3.642857142857143,2.023216892329291,0.5407274593021222,0.006666666666666667
ARCH_0334,neither,2,2026-09-26T13:45:57.106Z,17,17,4.705882352941177,1.4037764192684374,0.3404657912585359,0.22166666666666668
ARCH_0335,neither,2,2026-09-26T13:45:57.136Z,16,16,3.8125,1.5152007567755943,0.3788001891938986,0.001
ARCH_0336,neither,2,2026-09-26T13:45:57.153Z,16,16,4.5,1.2649110640673518,0.31622776601683794,0.06766666666666667
ARCH_0337,CONTROL,2,2026-09-26T13:45:57.194Z,16,16,3.8125,1.4705441169852742,0.36763602924631855,0.0003333333333333333
ARCH_0338,AESTHETIC,2,2026-09-26T13:45:57.260Z,16,16,5.5,1.7511900715418263,0.43779751788545657,0.841
ARCH_0339,neither,2,2026-09-26T13:45:57.328Z,16,16,3.6875,1.6214705259938174,0.40536763149845434,0.001
ARCH_0340,neither,2,2026-09-26T13:45:57.344Z,17,17,4.235294117647059,1.5218989685876771,0.36911471758856274,0.02033333333333333
ARCH_0341,neither,2,2026-09-26T13:45:58.117Z,15,15,3.8,1.61245154965971,0.41633319989322654,0.001
ARCH_0342,CONTROL,2,2026-09-26T13:45:58.491Z,18,18,3.5,1.6538724611187705,0.38982147749158913,0.0
ARCH_0343,neither,2,2026-09-26T13:45:58.517Z,16,16,2.4375,1.3647344063956182,0.34118360159890454,0.0
ARCH_0344,neither,2,2026-09-26T13:45:58.542Z,17,17,4.235294117647059,1.0325582165612919,0.2504321524400942,0.005
ARCH_0345,AESTHETIC,2,2026-09-26T13:45:58.573Z,17,17,5.117647058823529,1.9000773978043783,0.460836459293894,0.615
ARCH_0346,neither,2,2026-09-26T13:45:58.604Z,14,14,4.428571428571429,1.5548576840284833,0.4155531956305284,0.09033333333333333
ARCH_0347,neither,2,2026-09-26T13:45:58.632Z,16,16,3.375,1.6683325008322931,0.4170831252080733,0.0
ARCH_0348,neither,2,2026-09-26T13:45:58.651Z,14,14,4.0,1.7097008285302207,0.4569367667316877,0.011
ARCH_0349,neither,2,2026-09-26T13:45:58.674Z,16,16,4.0,1.4605934866804429,0.3651483716701107,0.006666666666666667
ARCH_0350,AESTHETIC,2,2026-09-26T13:45:58.687Z,15,15,5.133333333333334,1.5055453054181624,0.3887301263230201,0.6253333333333333
ARCH_0351,neither,2,2026-09-26T13:45:58.722Z,17,17,4.294117647058823,1.6494205756246998,0.40004325025692467,0.041666666666666664
ARCH_0352,neither,2,2026-09-26T13:45:58.748Z,17,17,3.235294117647059,1.3004524099667145,0.31540603808128265,0.0
ARCH_0353,neither,2,2026-09-26T13:45:58.917Z,17,17,3.5294117647058822,1.5458673560021061,0.3749279054112343,0.0003333333333333333
ARCH_0354,AESTHETIC,2,2026-09-26T13:45:58.946Z,16,16,5.3125,1.778341924377874,0.4445854810944685,0.7563333333333333
ARCH_0355,neither,2,2026-09-26T13:45:58.958Z,15,15,3.533333333333333,1.060098827378619,0.2737163402514268,0.0
ARCH_0356,neither,2,2026-09-26T13:45:59.008Z,16,16,3.1875,1.3768926368215255,0.3442231592053814,0.0
ARCH_0357,neither,2,2026-09-26T13:45:59.034Z,17,17,2.823529411764706,1.5097720903188938,0.36617351758790384,0.0
ARCH_0358,CONTROL,2,2026-09-26T13:45:59.065Z,17,17,3.411764705882353,1.9058732752144019,0.462242166044168,0.0003333333333333333
ARCH_0359,CONTROL,2,2026-09-26T13:45:59.079Z,15,15,4.266666666666667,1.334523278535216,0.3445724288595342,0.015
ARCH_0360,CONTROL,2,2026-09-26T13:45:59.087Z,17,17,4.0,1.3693063937629153,0.3321055820775357,0.0033333333333333335
ARCH_0361,neither,2,2026-09-26T13:45:59.127Z,16,16,3.75,1.390443574307614,0.3476108935769035,0.0003333333333333333
ARCH_0362,neither,2,2026-09-26T13:45:59.349Z,16,16,4.6875,1.579820664927932,0.394955166231983,0.22966666666666666
ARCH_0363,neither,2,2026-09-26T13:45:59.415Z,18,18,4.277777777777778,1.7758363582385142,0.41856864372935887,0.041
ARCH_0364,neither,2,2026-09-26T13:45:59.429Z,18,18,4.444444444444445,1.338226316137377,0.31542296763434396,0.04533333333333334
ARCH_0365,CONTROL,2,2026-09-26T13:45:59.447Z,15,15,3.066666666666667,1.2798809468443688,0.33046383948376135,0.0
ARCH_0366,neither,2,2026-09-26T13:45:59.466Z,17,17,4.470588235294118,1.504893977113651,0.3649904013526723,0.08533333333333333
ARCH_0367,neither,2,2026-09-26T13:45:59.484Z,17,17,4.235294117647059,0.970142500145332,0.23529411764705885,0.0006666666666666666
ARCH_0368,CONTROL,2,2026-09-26T13:45:59.544Z,16,16,3.875,1.5,0.375,0.0013333333333333333
ARCH_0369,CONTROL,2,2026-09-26T13:45:59.553Z,16,16,4.0625,0.9979144919948469,0.24947862299871174,0.0
ARCH_0370,AESTHETIC,2,2026-09-26T13:45:59.598Z,16,16,5.1875,1.3275918047351754,0.33189795118379384,0.715
ARCH_0371,CONTROL,2,2026-09-26T13:45:59.615Z,17,17,3.7058823529411766,1.5718104959867516,0.3812200410828153,0.0003333333333333333
ARCH_0372,neither,2,2026-09-26T13:45:59.629Z,16,16,4.1875,1.2763881332363862,0.31909703330909656,0.011666666666666667
ARCH_0373,neither,2,2026-09-26T13:45:59.667Z,17,17,4.529411764705882,1.5857824196127734,0.38460873031241244,0.113
ARCH_0374,CONTROL,2,2026-09-26T13:45:59.683Z,15,15,4.0,1.558387444947959,0.4023739080814782,0.003
ARCH_0375,neither,2,2026-09-26T13:45:59.705Z,15,15,3.466666666666667,1.5055453054181618,0.38873012632301995,0.0
ARCH_0376,neither,2,2026-09-26T13:45:59.718Z,13,13,3.3846153846153846,1.3252962900462129,0.3675710560726012,0.0
ARCH_0377,neither,2,2026-09-26T13:45:59.765Z,17,17,4.235294117647059,1.7863864281247313,0.433262348901654,0.04766666666666667
ARCH_0378,neither,2,2026-09-26T13:45:59.986Z,17,17,3.8823529411764706,1.5363248737318087,0.3726135135094096,0.0026666666666666666
ARCH_0379,AESTHETIC,2,2026-09-26T13:46:00.017Z,16,16,5.125,1.2041594578792296,0.3010398644698074,0.6793333333333333
ARCH_0380,neither,2,2026-09-26T13:46:00.058Z,16,16,3.5,1.2649110640673518,0.31622776601683794,0.0
ARCH_0381,AESTHETIC,2,2026-09-26T13:46:00.121Z,15,15,5.066666666666666,0.593616839704664,0.15327120894696275,0.6993333333333334
ARCH_0382,AESTHETIC,2,2026-09-26T13:46:00.139Z,15,15,5.266666666666667,1.533747356112131,0.396011864500796,0.7383333333333333
ARCH_0383,neither,2,2026-09-26T13:46:00.148Z,15,15,3.6666666666666665,1.98805959477601,0.5133147801223569,0.006
ARCH_0384,neither,2,2026-09-26T13:46:00.173Z,14,14,4.285714285714286,1.6837947722821902,0.450013081965786,0.050666666666666665
ARCH_0385,neither,2,2026-09-26T13:46:00.227Z,16,16,4.5625,1.459166428707386,0.3647916071768465,0.11866666666666667
ARCH_0386,neither,2,2026-09-26T13:46:00.245Z,15,15,4.4,1.8822478962286409,0.4859943170351648,0.111
ARCH_0387,AESTHETIC,2,2026-09-26T13:46:00.267Z,16,16,5.1875,1.558578412100805,0.38964460302520126,0.6973333333333334
ARCH_0388,neither,2,2026-09-26T13:46:00.294Z,17,17,4.529411764705882,1.178857871990064,0.28591503081211156,0.075
ARCH_0389,neither,2,2026-09-26T13:46:00.345Z,16,16,3.8125,1.5152007567755943,0.3788001891938986,0.001
ARCH_0390,neither,2,2026-09-26T13:46:00.354Z,17,17,4.823529411764706,1.5097720903188945,0.366173517587904,0.32033333333333336
ARCH_0391,neither,2,2026-09-26T13:46:00.369Z,15,15,3.8666666666666667,1.552264091423817,0.4007928650000154,0.0023333333333333335
ARCH_0392,neither,2,2026-09-26T13:46:00.374Z,15,15,4.933333333333334,1.533747356112131,0.396011864500796,0.443
ARCH_0393,neither,2,2026-09-26T13:46:00.424Z,17,17,4.9411764705882355,0.5557189302262111,0.1347816380869364,0.407
ARCH_0394,neither,2,2026-09-26T13:46:00.438Z,17,17,4.0588235294117645,1.5996323106926056,0.38796782230214466,0.010666666666666666
ARCH_0395,neither,2,2026-09-26T13:46:00.454Z,16,16,4.6875,1.6214705259938174,0.40536763149845434,0.231
ARCH_0396,neither,2,2026-09-26T13:46:00.495Z,15,15,3.8,1.6987390281365429,0.43861253103502684,0.004333333333333333
ARCH_0397,CONTROL,2,2026-09-26T13:46:00.517Z,16,16,4.5,1.8973665961010275,0.4743416490252569,0.152
ARCH_0398,neither,2,2026-09-26T13:46:00.543Z,17,17,3.823529411764706,1.629236558853834,0.39514790713365894,0.001
ARCH_0399,neither,2,2026-09-26T13:46:00.604Z,17,17,3.823529411764706,1.3339459376998313,0.32352941176470584,0.0
ARCH_0400,neither,2,2026-09-26T13:46:00.666Z,17,17,4.705882352941177,1.6494205756246998,0.40004325025692467,0.25033333333333335
ARCH_0401,neither,2,2026-09-26T13:46:00.699Z,17,17,4.352941176470588,1.4975470138942313,0.3632085010361314,0.041
ARCH_0402,neither,2,2026-09-26T13:46:00.724Z,17,17,3.5294117647058822,1.8411153908304994,0.44653607207908763,0.0006666666666666666
ARCH_0403,CONTROL,2,2026-09-26T13:46:00.779Z,17,17,4.705882352941177,1.6110829386763785,0.39074500751724756,0.24133333333333334
ARCH_0404,neither,2,2026-09-26T13:46:00.804Z,17,17,3.6470588235294117,1.411611511296054,0.34236608020067105,0.0
ARCH_0405,neither,2,2026-09-26T13:46:00.821Z,17,17,4.588235294117647,1.697749375254331,0.411764705882353,0.173
ARCH_0406,neither,2,2026-09-26T13:46:00.913Z,18,18,3.7222222222222223,1.1274936053323583,0.2657527913583265,0.0
ARCH_0407,neither,2,2026-09-26T13:46:00.975Z,16,16,4.1875,1.6007810593582121,0.40019526483955303,0.015333333333333332
ARCH_0408,neither,2,2026-09-26T13:46:00.983Z,18,18,4.055555555555555,2.0996420485468814,0.4948903768639714,0.026333333333333334
ARCH_0409,CONTROL,2,2026-09-26T13:46:01.024Z,17,17,4.764705882352941,1.56242646885805,0.3789440801977978,0.2773333333333333
ARCH_0410,neither,2,2026-09-26T13:46:01.123Z,17,17,3.7058823529411766,1.6868871436151613,0.40913022774245755,0.0013333333333333333
ARCH_0411,neither,2,2026-09-26T13:46:01.198Z,15,15,4.333333333333333,1.4474937289114913,0.37374127372092525,0.04
ARCH_0412,neither,2,2026-09-26T13:46:01.249Z,17,17,4.411764705882353,1.6224527546823886,0.39350259294881335,0.07333333333333333
ARCH_0413,neither,2,2026-09-26T13:46:01.409Z,15,15,3.933333333333333,1.3870146083619754,0.3581256319421556,0.0013333333333333333
ARCH_0414,AESTHETIC,2,2026-09-26T13:46:01.433Z,17,17,5.235294117647059,1.0914103126634984,0.2647058823529412,0.828
ARCH_0415,neither,2,2026-09-26T13:46:01.514Z,17,17,4.0588235294117645,1.7128407776006982,0.41542490858310394,0.011333333333333334
ARCH_0416,neither,2,2026-09-26T13:46:01.570Z,17,17,3.9411764705882355,1.477776549215667,0.35841345902805705,0.002
ARCH_0417,neither,2,2026-09-26T13:46:01.582Z,16,16,3.0,1.632993161855452,0.408248290463863,0.0
ARCH_0418,neither,2,2026-09-26T13:46:01.601Z,15,15,3.8,1.6987390281365429,0.43861253103502684,0.003
ARCH_0419,neither,2,2026-09-26T13:46:01.699Z,16,16,3.875,1.4548768561863463,0.3637192140465866,0.001
ARCH_0420,CONTROL,2,2026-09-26T13:46:01.770Z,15,15,4.333333333333333,0.8997354108424366,0.232310684145723,0.0013333333333333333
ARCH_0421,neither,2,2026-09-26T13:46:01.821Z,17,17,4.411764705882353,1.0036697371030328,0.24342566701833604,0.011333333333333334
ARCH_0422,CONTROL,2,2026-09-26T13:46:01.849Z,17,17,3.823529411764706,1.1850788010532811,0.28742382773076564,0.0
ARCH_0423,AESTHETIC,2,2026-09-26T13:46:01.967Z,16,16,5.1875,1.6007810593582121,0.40019526483955303,0.707
ARCH_0424,neither,2,2026-09-26T13:46:02.031Z,17,17,4.470588235294118,1.5458673560021061,0.3749279054112343,0.06466666666666666
ARCH_0425,neither,2,2026-09-26T13:46:02.178Z,15,15,3.8,2.1111946516469904,0.5451081150953975,0.010333333333333333
ARCH_0426,neither,2,2026-09-26T13:46:02.228Z,17,17,4.411764705882353,1.502448981222481,0.36439740274599614,0.05733333333333333
ARCH_0427,neither,2,2026-09-26T13:46:02.379Z,17,17,3.2941176470588234,1.1599949289950011,0.2813400951427793,0.0
ARCH_0428,CONTROL,2,2026-09-26T13:46:02.436Z,15,15,3.6666666666666665,1.3451854182690988,0.34732538150115183,0.0
ARCH_0429,neither,2,2026-09-26T13:46:02.564Z,16,16,3.5,1.8618986725025255,0.4654746681256314,0.0016666666666666668
ARCH_0430,neither,2,2026-09-26T13:46:02.626Z,16,16,4.375,1.927865832122834,0.4819664580307085,0.099
ARCH_0431,neither,2,2026-09-26T13:46:02.705Z,17,17,4.647058823529412,1.6934128435864448,0.41071294246379236,0.20333333333333334
ARCH_0432,neither,2,2026-09-26T13:46:03.028Z,16,16,3.625,1.6278820596099706,0.40697051490249264,0.0013333333333333333
ARCH_0433,neither,2,2026-09-26T13:46:03.066Z,16,16,3.9375,0.9287087810503355,0.23217719526258387,0.0003333333333333333
ARCH_0434,neither,2,2026-09-26T13:46:03.142Z,16,16,4.625,1.408308678285174,0.3520771695712935,0.153
ARCH_0435,neither,2,2026-09-26T13:46:03.257Z,17,17,3.411764705882353,1.502448981222481,0.36439740274599614,0.0
ARCH_0436,neither,2,2026-09-26T13:46:03.368Z,17,17,4.411764705882353,1.502448981222481,0.36439740274599614,0.04933333333333333
ARCH_0437,neither,2,2026-09-26T13:46:03.409Z,17,17,3.1176470588235294,1.5764815627361641,0.38235294117647056,0.0
ARCH_0438,neither,2,2026-09-26T13:46:03.472Z,16,16,4.875,1.3601470508735443,0.34003676271838607,0.38433333333333336
ARCH_0439,neither,2,2026-09-26T13:46:03.537Z,15,15,3.4,1.804755622554715,0.465985898008574,0.0003333333333333333
ARCH_0440,neither,2,2026-09-26T13:46:03.570Z,16,16,4.125,0.9574271077563381,0.23935677693908453,0.0003333333333333333
ARCH_0441,neither,2,2026-09-26T13:46:03.685Z,16,16,3.5625,1.2632629707758134,0.31581574269395335,0.0
ARCH_0442,neither,2,2026-09-26T13:46:03.735Z,17,17,4.9411764705882355,1.477776549215667,0.35841345902805705,0.4653333333333333
ARCH_0443,neither,2,2026-09-26T13:46:03.771Z,17,17,4.411764705882353,1.6224527546823886,0.39350259294881335,0.06933333333333333
ARCH_0444,neither,2,2026-09-26T13:46:03.802Z,17,17,4.411764705882353,1.2776356840572634,0.3098721692015512,0.030666666666666665
ARCH_0445,neither,2,2026-09-26T13:46:03.818Z,16,16,3.875,1.707825127659933,0.42695628191498325,0.006333333333333333
ARCH_0446,neither,2,2026-09-26T13:46:03.944Z,15,15,3.2666666666666666,1.7511900715418263,0.4521553322083512,0.0
ARCH_0447,neither,2,2026-09-26T13:46:03.963Z,17,17,4.705882352941177,1.6868871436151607,0.4091302277424574,0.246
ARCH_0448,CONTROL,2,2026-09-26T13:46:04.041Z,16,16,4.5625,1.2632629707758134,0.31581574269395335,0.085
ARCH_0449,neither,2,2026-09-26T13:46:04.128Z,17,17,4.294117647058823,1.4037764192684374,0.3404657912585359,0.012
ARCH_0450,neither,2,2026-09-26T13:46:04.182Z,17,17,4.411764705882353,1.4168108346481796,0.34362710133964486,0.04733333333333333
ARCH_0451,neither,2,2026-09-26T13:46:04.324Z,17,17,4.0588235294117645,1.9833868834425028,0.48104197746459193,0.025666666666666667
ARCH_0452,AESTHETIC,2,2026-09-26T13:46:04.506Z,16,16,5.1875,1.2230426539304888,0.3057606634826222,0.7436666666666667
ARCH_0453,neither,2,2026-09-26T13:46:04.583Z,16,16,4.375,1.6278820596099706,0.40697051490249264,0.06933333333333333
ARCH_0454,neither,2,2026-09-26T13:46:04.615Z,17,17,4.0588235294117645,1.8864844365675972,0.4575396819442366,0.019666666666666666
ARCH_0455,neither,2,2026-09-26T13:46:05.109Z,16,16,4.625,1.4548768561863463,0.3637192140465866,0.15266666666666667
ARCH_0456,neither,2,2026-09-26T13:46:05.153Z,16,16,4.0,1.2110601416389966,0.30276503540974914,0.001
ARCH_0457,AESTHETIC,2,2026-09-26T13:46:05.192Z,14,14,5.857142857142857,1.0271051820261914,0.27450540652300665,0.8876666666666667
ARCH_0458,neither,2,2026-09-26T13:46:05.472Z,17,17,3.8823529411764706,1.6538724611187703,0.40112299108781924,0.0023333333333333335
ARCH_0459,neither,2,2026-09-26T13:46:05.587Z,16,16,4.0625,1.4361406616345072,0.3590351654086268,0.004
ARCH_0460,AESTHETIC,2,2026-09-26T13:46:05.686Z,17,17,5.0588235294117645,1.028991510855053,0.24956709924231085,0.6106666666666667
ARCH_0461,neither,2,2026-09-26T13:46:05.887Z,17,17,4.411764705882353,1.502448981222481,0.36439740274599614,0.057
ARCH_0462,neither,2,2026-09-26T13:46:05.915Z,16,16,4.75,1.1254628677422756,0.2813657169355689,0.20533333333333334
ARCH_0463,AESTHETIC,2,2026-09-26T13:46:05.955Z,16,16,5.4375,1.1528949070347507,0.2882237267586877,0.917
ARCH_0464,AESTHETIC,2,2026-09-26T13:46:06.047Z,16,16,5.375,1.2041594578792296,0.3010398644698074,0.877
ARCH_0465,neither,2,2026-09-26T13:46:06.085Z,17,17,4.235294117647059,1.147247344990711,0.27824835188859565,0.003
ARCH_0466,neither,2,2026-09-26T13:46:06.142Z,16,16,4.0625,1.1236102527122116,0.2809025631780529,0.0016666666666666668
ARCH_0467,neither,2,2026-09-26T13:46:06.166Z,17,17,3.0588235294117645,1.8190171877724972,0.4411764705882353,0.0
ARCH_0468,neither,2,2026-09-26T13:46:06.211Z,17,17,4.647058823529412,1.8007351439963426,0.43674242367404403,0.219
ARCH_0469,neither,2,2026-09-26T13:46:06.226Z,15,15,3.933333333333333,2.1201976547572388,0.5474326805028539,0.028
ARCH_0470,neither,2,2026-09-26T13:46:06.363Z,17,17,3.7058823529411766,1.5718104959867516,0.3812200410828153,0.0
ARCH_0471,AESTHETIC,2,2026-09-26T13:46:06.450Z,14,14,5.285714285714286,0.9138735334633744,0.24424297550431698,0.821
ARCH_0472,AESTHETIC,2,2026-09-26T13:46:06.644Z,16,16,5.1875,1.3275918047351754,0.33189795118379384,0.7326666666666667
ARCH_0473,neither,2,2026-09-26T13:46:06.664Z,17,17,3.176470588235294,1.3800042625680118,0.3347001963747365,0.0
ARCH_0474,neither,2,2026-09-26T13:46:06.742Z,17,17,4.9411764705882355,1.1440382552221602,0.27747003329578246,0.4666666666666667
ARCH_0475,neither,2,2026-09-26T13:46:06.878Z,16,16,3.75,1.570562531918633,0.39264063297965823,0.0
ARCH_0476,AESTHETIC,2,2026-09-26T13:46:06.932Z,16,16,5.625,1.1474609652039003,0.28686524130097507,0.9513333333333334
ARCH_0477,AESTHETIC,2,2026-09-26T13:46:06.974Z,17,17,5.235294117647059,1.2514697241996051,0.3035259917727985,0.788
ARCH_0478,neither,2,2026-09-26T13:46:07.057Z,17,17,3.823529411764706,1.7405205441780578,0.42213823807080364,0.001
ARCH_0479,neither,2,2026-09-26T13:46:07.092Z,17,17,3.823529411764706,1.7042334830374277,0.4133373330163293,0.003
ARCH_0480,CONTROL,2,2026-09-26T13:46:07.234Z,17,17,4.176470588235294,1.0145993123917856,0.24607647839237537,0.0
ARCH_0481,neither,2,2026-09-26T13:46:07.305Z,17,17,4.588235294117647,1.6224527546823886,0.39350259294881335,0.153
ARCH_0482,AESTHETIC,2,2026-09-26T13:46:07.460Z,15,15,5.266666666666667,1.791514389985135,0.46256702646022446,0.708
ARCH_0483,AESTHETIC,2,2026-09-26T13:46:07.529Z,16,16,5.3125,1.1954775893619531,0.2988693973404883,0.8386666666666667
ARCH_0484,CONTROL,2,2026-09-26T13:46:07.558Z,16,16,4.875,1.3102162671355697,0.32755406678389243,0.3586666666666667
ARCH_0485,neither,2,2026-09-26T13:46:07.694Z,16,16,3.8125,1.2763881332363862,0.31909703330909656,0.0
ARCH_0486,CONTROL,2,2026-09-26T13:46:07.750Z,15,15,4.133333333333334,1.5055453054181624,0.3887301263230201,0.014333333333333333
ARCH_0487,CONTROL,2,2026-09-26T13:46:07.824Z,15,15,3.6666666666666665,1.447493728911492,0.3737412737209254,0.0
ARCH_0488,neither,2,2026-09-26T13:46:07.835Z,15,15,4.6,1.352246807565627,0.3491486243775879,0.128
ARCH_0489,CONTROL,2,2026-09-26T13:46:07.958Z,18,18,3.611111111111111,1.6138696240399013,0.3803927183698661,0.001
ARCH_0490,neither,2,2026-09-26T13:46:08.016Z,18,18,4.944444444444445,1.5135553089341054,0.35674840754940196,0.45366666666666666
ARCH_0491,neither,2,2026-09-26T13:46:08.099Z,17,17,3.8823529411764706,1.3173056280328639,0.3194935438588298,0.0003333333333333333
ARCH_0492,neither,2,2026-09-26T13:46:08.154Z,16,16,4.1875,1.42448821218944,0.35612205304736,0.01633333333333333
ARCH_0493,neither,2,2026-09-26T13:46:08.249Z,16,16,3.6875,1.4930394055974097,0.3732598513993524,0.0
ARCH_0494,neither,2,2026-09-26T13:46:08.411Z,16,16,4.5,1.1547005383792515,0.28867513459481287,0.05266666666666667
ARCH_0495,neither,2,2026-09-26T13:46:08.443Z,16,16,3.875,1.02469507659596,0.25617376914899,0.0
ARCH_0496,neither,2,2026-09-26T13:46:08.542Z,18,18,3.7222222222222223,1.5264551613058028,0.35978893191217953,0.0006666666666666666
ARCH_0497,neither,2,2026-09-26T13:46:08.698Z,17,17,4.0588235294117645,1.784327192364608,0.4327629108694753,0.015666666666666666
ARCH_0498,neither,2,2026-09-26T13:46:08.774Z,17,17,4.0,1.4577379737113252,0.3535533905932738,0.0023333333333333335
ARCH_0499,CONTROL,2,2026-09-26T13:46:08.916Z,17,17,4.9411764705882355,1.3449251017851382,0.3261922501885122,0.458
ARCH_0500,neither,2,2026-09-26T13:46:09.034Z,17,17,4.0588235294117645,1.477776549215667,0.35841345902805705,0.007333333333333333
ARCH_0501,CONTROL,2,2026-09-26T13:46:09.110Z,16,16,3.3125,1.3022416570411703,0.3255604142602926,0.0
ARCH_0502,neither,2,2026-09-26T13:46:09.149Z,14,14,4.285714285714286,1.589802669350044,0.42489263580618014,0.042666666666666665
ARCH_0503,AESTHETIC,2,2026-09-26T13:46:09.202Z,17,17,5.176470588235294,1.3800042625680125,0.33470019637473664,0.7216666666666667
ARCH_0504,CONTROL,2,2026-09-26T13:46:09.228Z,16,16,4.1875,1.682012683265696,0.420503170816424,0.027
ARCH_0505,neither,2,2026-09-26T13:46:09.379Z,16,16,3.3125,1.4476993242152645,0.3619248310538161,0.0
ARCH_0506,neither,2,2026-09-26T13:46:10.350Z,17,17,4.764705882352941,1.7510501051050011,0.424692031711578,0.31066666666666665
ARCH_0507,AESTHETIC,2,2026-09-26T13:46:10.502Z,16,16,5.5,1.6733200530681511,0.4183300132670378,0.865
ARCH_0508,neither,2,2026-09-26T13:46:10.533Z,15,15,4.466666666666667,1.5055453054181624,0.3887301263230201,0.08
ARCH_0509,neither,2,2026-09-26T13:46:10.867Z,17,17,4.529411764705882,1.419403354354548,0.3442558797270479,0.09933333333333333
ARCH_0510,neither,2,2026-09-26T13:46:10.903Z,17,17,4.529411764705882,1.8747548859392105,0.45469484805118554,0.162
ARCH_0511,neither,2,2026-09-26T13:46:10.911Z,15,15,4.333333333333333,1.7994708216848743,0.4646213682914463,0.07933333333333334
ARCH_0512,neither,2,2026-09-26T13:46:11.022Z,16,16,4.8125,1.6418993066973788,0.4104748266743447,0.341
ARCH_0513,neither,2,2026-09-26T13:46:11.104Z,18,18,4.166666666666667,1.5811388300841898,0.372677996249965,0.018666666666666668
ARCH_0514,neither,2,2026-09-26T13:46:11.184Z,17,17,4.411764705882353,1.502448981222481,0.36439740274599614,0.05333333333333334
ARCH_0515,neither,2,2026-09-26T13:46:11.366Z,17,17,4.294117647058823,1.6868871436151607,0.4091302277424574,0.03933333333333333
ARCH_0516,neither,2,2026-09-26T13:46:11.384Z,16,16,3.625,1.4548768561863463,0.3637192140465866,0.0
ARCH_0517,AESTHETIC,2,2026-09-26T13:46:11.429Z,14,14,5.285714285714286,1.1387288073563848,0.30433807525552126,0.762
ARCH_0518,AESTHETIC,2,2026-09-26T13:46:11.474Z,16,16,5.0625,1.181453906563152,0.295363476640788,0.599
ARCH_0519,neither,2,2026-09-26T13:46:11.593Z,17,17,4.705882352941177,0.8488746876271644,0.20588235294117624,0.09766666666666667
ARCH_0520,neither,2,2026-09-26T13:46:11.645Z,16,16,4.4375,1.631716887208072,0.407929221802018,0.09233333333333334
ARCH_0521,neither,2,2026-09-26T13:46:11.774Z,16,16,4.875,1.3601470508735443,0.34003676271838607,0.37666666666666665
ARCH_0522,CONTROL,2,2026-09-26T13:46:11.840Z,16,16,4.75,1.61245154965971,0.4031128874149275,0.2753333333333333
ARCH_0523,neither,2,2026-09-26T13:46:11.859Z,16,16,4.5625,1.631716887208072,0.407929221802018,0.15666666666666668
ARCH_0524,CONTROL,2,2026-09-26T13:46:11.888Z,17,17,3.588235294117647,1.5434872662825796,0.37435064886346636,0.0003333333333333333
ARCH_0525,neither,2,2026-09-26T13:46:12.044Z,17,17,4.176470588235294,1.3800042625680125,0.33470019637473664,0.007
ARCH_0526,neither,2,2026-09-26T13:46:12.088Z,17,17,4.294117647058823,1.7235394498804244,0.41801971775152624,0.04766666666666667
ARCH_0527,AESTHETIC,2,2026-09-26T13:46:12.103Z,14,14,5.214285714285714,1.188313053066367,0.31759002234326195,0.719
ARCH_0528,neither,2,2026-09-26T13:46:12.158Z,17,17,4.0,1.8708286933869707,0.45374260648651504,0.014
ARCH_0529,AESTHETIC,2,2026-09-26T13:46:12.235Z,15,15,5.466666666666667,1.552264091423818,0.4007928650000156,0.8346666666666667
ARCH_0530,neither,2,2026-09-26T13:46:12.284Z,17,17,4.0,1.9685019685029528,0.4774318553161155,0.021666666666666667
ARCH_0531,neither,2,2026-09-26T13:46:12.416Z,14,14,4.571428571428571,1.6508406117111145,0.44120571208537884,0.15533333333333332
ARCH_0532,neither,2,2026-09-26T13:46:12.525Z,17,17,4.764705882352941,1.480262297901367,0.3590163416392266,0.298
ARCH_0533,AESTHETIC,2,2026-09-26T13:46:12.639Z,15,15,5.333333333333333,1.345185418269098,0.34732538150115166,0.8026666666666666
ARCH_0534,neither,2,2026-09-26T13:46:12.692Z,16,16,4.0625,1.181453906563152,0.295363476640788,0.002
ARCH_0535,neither,2,2026-09-26T13:46:12.834Z,16,16,4.75,1.4375905768565218,0.35939764421413045,0.271
ARCH_0536,AESTHETIC,2,2026-09-26T13:46:12.944Z,14,14,5.428571428571429,1.2838814775327392,0.34313175815375824,0.8266666666666667
ARCH_0537,AESTHETIC,2,2026-09-26T13:46:12.970Z,17,17,5.529411764705882,1.067570083110679,0.25892377737733846,0.9563333333333334
ARCH_0538,CONTROL,2,2026-09-26T13:46:13.030Z,16,16,4.875,1.02469507659596,0.25617376914899,0.3416666666666667
ARCH_0539,neither,2,2026-09-26T13:46:13.107Z,17,17,4.235294117647059,1.3476559169863187,0.32685457016018926,0.007666666666666666
ARCH_0540,CONTROL,2,2026-09-26T13:46:13.137Z,17,17,4.764705882352941,1.5218989685876771,0.36911471758856274,0.27
ARCH_0541,neither,2,2026-09-26T13:46:13.286Z,16,16,4.6875,1.25,0.3125,0.166
ARCH_0542,AESTHETIC,2,2026-09-26T13:46:13.348Z,16,16,5.0625,1.94828984838841,0.4870724620971025,0.564
ARCH_0543,AESTHETIC,2,2026-09-26T13:46:13.405Z,16,16,5.4375,1.5041608956491324,0.3760402239122831,0.847
ARCH_0544,AESTHETIC,2,2026-09-26T13:46:13.455Z,17,17,5.117647058823529,1.409004654941586,0.34173382466536023,0.6433333333333333
ARCH_0545,AESTHETIC,2,2026-09-26T13:46:13.484Z,18,18,5.222222222222222,1.4775000967674117,0.34825011254267235,0.7593333333333333
ARCH_0546,AESTHETIC,2,2026-09-26T13:46:13.538Z,15,15,5.066666666666666,1.2798809468443688,0.33046383948376135,0.5766666666666667
ARCH_0547,CONTROL,2,2026-09-26T13:46:13.611Z,16,16,3.9375,1.2893796958227628,0.3223449239556907,0.0016666666666666668
ARCH_0548,neither,2,2026-09-26T13:46:13.662Z,16,16,4.125,1.3601470508735443,0.34003676271838607,0.006333333333333333
ARCH_0549,neither,2,2026-09-26T13:46:13.698Z,16,16,4.8125,1.7594980344783944,0.4398745086195986,0.36133333333333334
ARCH_0550,neither,2,2026-09-26T13:46:13.754Z,17,17,4.117647058823529,1.691240407998537,0.410186049440628,0.014666666666666666
ARCH_0551,CONTROL,2,2026-09-26T13:46:13.795Z,17,17,3.8823529411764706,1.5764815627361641,0.38235294117647056,0.002
ARCH_0552,CONTROL,2,2026-09-26T13:46:13.836Z,17,17,4.235294117647059,1.4374200745044001,0.348625576209697,0.014
ARCH_0553,neither,2,2026-09-26T13:46:13.899Z,18,18,4.388888888888889,1.8515141304249878,0.4364060656954076,0.088
ARCH_0554,AESTHETIC,2,2026-09-26T13:46:14.028Z,15,15,5.4,1.5491933384829673,0.40000000000000013,0.8096666666666666
ARCH_0555,neither,2,2026-09-26T13:46:14.215Z,15,15,4.533333333333333,1.5976172734359608,0.41250300624205183,0.13166666666666665
ARCH_0556,neither,2,2026-09-26T13:46:14.371Z,16,16,4.8125,1.7211914478058505,0.43029786195146263,0.33666666666666667
ARCH_0557,AESTHETIC,2,2026-09-26T13:46:14.416Z,17,17,6.0,1.1726039399558574,0.2843982294972605,0.9786666666666667
ARCH_0558,neither,2,2026-09-26T13:46:14.577Z,16,16,4.5,0.9660917830792959,0.24152294576982397,0.027666666666666666
ARCH_0559,CONTROL,2,2026-09-26T13:46:14.607Z,18,18,4.166666666666667,1.7573375583870183,0.41420843478975705,0.02266666666666667
ARCH_0560,neither,2,2026-09-26T13:46:14.737Z,16,16,4.25,1.4375905768565218,0.35939764421413045,0.009333333333333334
ARCH_0561,neither,2,2026-09-26T13:46:14.845Z,16,16,4.1875,0.9810708435174292,0.2452677108793573,0.0003333333333333333
ARCH_0562,neither,2,2026-09-26T13:46:14.865Z,16,16,4.625,1.6278820596099706,0.40697051490249264,0.18033333333333335
ARCH_0563,neither,2,2026-09-26T13:46:14.931Z,15,15,4.066666666666666,1.6242214252050853,0.41937216869150473,0.016
ARCH_0564,neither,2,2026-09-26T13:46:14.944Z,18,18,2.7222222222222223,1.4061024795535124,0.3314215327785025,0.0
ARCH_0565,AESTHETIC,2,2026-09-26T13:46:15.072Z,16,16,5.0,1.2649110640673518,0.31622776601683794,0.5066666666666667
ARCH_0566,neither,2,2026-09-26T13:46:15.188Z,15,15,3.2666666666666666,1.0327955589886446,0.26666666666666666,0.0
ARCH_0567,neither,2,2026-09-26T13:46:15.298Z,17,17,4.294117647058823,1.8962036376122993,0.4598969344444672,0.064
ARCH_0568,neither,2,2026-09-26T13:46:15.390Z,16,16,4.75,1.4375905768565218,0.35939764421413045,0.24633333333333332
ARCH_0569,neither,2,2026-09-26T13:46:15.537Z,15,15,4.466666666666667,1.552264091423818,0.4007928650000156,0.08966666666666667
ARCH_0570,AESTHETIC,2,2026-09-26T13:46:15.592Z,16,16,5.1875,1.682012683265696,0.420503170816424,0.6743333333333333
ARCH_0571,AESTHETIC,2,2026-09-26T13:46:15.675Z,17,17,5.0,1.224744871391589,0.2970442628930023,0.5136666666666667
ARCH_0572,neither,2,2026-09-26T13:46:15.809Z,17,17,4.411764705882353,1.938389264615462,0.4701284518572289,0.117
ARCH_0573,neither,2,2026-09-26T13:46:15.891Z,16,16,4.5,1.5491933384829668,0.3872983346207417,0.095
ARCH_0574,CONTROL,2,2026-09-26T13:46:16.073Z,17,17,4.647058823529412,1.2718675476729207,0.3084731906382798,0.136
ARCH_0575,neither,2,2026-09-26T13:46:16.117Z,15,15,4.133333333333334,1.5055453054181624,0.3887301263230201,0.015
ARCH_0576,neither,2,2026-09-26T13:46:16.210Z,17,17,4.529411764705882,1.419403354354548,0.3442558797270479,0.10133333333333333
ARCH_0577,neither,2,2026-09-26T13:46:16.257Z,16,16,4.0625,1.6520189667999174,0.41300474169997936,0.011666666666666667
ARCH_0578,neither,2,2026-09-26T13:46:16.436Z,16,16,4.5,1.632993161855452,0.408248290463863,0.125
ARCH_0579,neither,2,2026-09-26T13:46:16.615Z,17,17,4.764705882352941,1.480262297901367,0.3590163416392266,0.273
ARCH_0580,neither,2,2026-09-26T13:46:16.684Z,15,15,2.933333333333333,1.3870146083619754,0.3581256319421556,0.0
ARCH_0581,AESTHETIC,2,2026-09-26T13:46:16.794Z,16,16,5.0625,1.0626225419530053,0.26565563548825133,0.6006666666666667
ARCH_0582,AESTHETIC,2,2026-09-26T13:46:16.904Z,15,15,5.2,1.4242792663559443,0.36774732526300596,0.6866666666666666
ARCH_0583,neither,2,2026-09-26T13:46:17.647Z,14,14,4.142857142857143,1.4064216928154865,0.3758820082744411,0.009
ARCH_0584,CONTROL,2,2026-09-26T13:46:17.663Z,16,16,4.4375,1.3647344063956182,0.34118360159890454,0.05433333333333333
ARCH_0585,AESTHETIC,2,2026-09-26T13:46:17.702Z,17,17,5.235294117647059,1.3004524099667145,0.31540603808128265,0.7953333333333333
ARCH_0586,neither,2,2026-09-26T13:46:17.831Z,15,15,4.2,1.0823255385643313,0.27945525240230856,0.001
ARCH_0587,neither,2,2026-09-26T13:46:17.887Z,15,15,3.8,1.52127765851133,0.3927922024247863,0.0006666666666666666
ARCH_0588,CONTROL,2,2026-09-26T13:46:17.913Z,17,17,4.647058823529412,1.2718675476729207,0.3084731906382798,0.14066666666666666
ARCH_0589,CONTROL,2,2026-09-26T13:46:17.974Z,14,14,4.642857142857143,1.8232322463624389,0.4872793144576047,0.223
ARCH_0590,AESTHETIC,2,2026-09-26T13:46:18.132Z,15,15,5.866666666666666,1.3557637102737479,0.3500566847521735,0.934
ARCH_0591,neither,2,2026-09-26T13:46:18.186Z,16,16,4.75,1.570562531918633,0.39264063297965823,0.25933333333333336
ARCH_0592,neither,2,2026-09-26T13:46:18.259Z,18,18,4.888888888888889,1.4095843729891315,0.3322422229317342,0.39266666666666666
ARCH_0593,neither,2,2026-09-26T13:46:18.284Z,15,15,4.733333333333333,1.3870146083619754,0.3581256319421556,0.23633333333333334
ARCH_0594,neither,2,2026-09-26T13:46:18.425Z,16,16,4.375,1.5864005379054391,0.3966001344763598,0.05566666666666667
ARCH_0595,CONTROL,2,2026-09-26T13:46:18.495Z,16,16,4.125,1.3601470508735443,0.34003676271838607,0.004
ARCH_0596,neither,2,2026-09-26T13:46:18.580Z,17,17,4.764705882352941,1.480262297901367,0.3590163416392266,0.271
ARCH_0597,neither,2,2026-09-26T13:46:18.607Z,17,17,3.7058823529411766,1.3117119482928095,0.3181368772468226,0.0
ARCH_0598,neither,2,2026-09-26T13:46:18.658Z,17,17,3.823529411764706,1.629236558853834,0.39514790713365894,0.0023333333333333335
ARCH_0599,neither,2,2026-09-26T13:46:18.773Z,16,16,3.9375,1.691892431568863,0.42297310789221576,0.006333333333333333
ARCH_0600,neither,2,2026-09-26T13:46:18.820Z,15,15,4.133333333333334,1.5976172734359608,0.41250300624205183,0.017666666666666667
