feature,set,image_code,term,negative,fragment
brightness,AESTHETIC,ARCH_0038,bright,False,"mney tower, built over a waterfall, surrounded by bright green trees and lush vegetation, daylight, three-quarter vi"
brightness,AESTHETIC,ARCH_0527,bright,False," wooden screens, tropical plants and trees below, bright sky through the openings, daylight, low-angle view from und"
brightness,AESTHETIC,ARCH_0350,bright,False," and a stone chimney, turquoise swimming pool and bright green lawn, palm trees and bare desert mountains behind, bl"
brightness,AESTHETIC,ARCH_0565,brightly,False,"exterior photograph of a museum, cluster of brightly coloured folded metal roofs in red, orange, blue, yellow an"
brightness,CONTROL,ARCH_0499,bright,False," city street with young trees, traffic and signs, bright overcast sky, daylight, perspective view at eye level"
warmth,AESTHETIC,ARCH_0472,warm,False,"hall with a green tiled roof, dramatic misty sky, warm light, low-angle view"
warmth,AESTHETIC,ARCH_0295,warm,False,"or photograph of a library, curved volume clad in warm spruce timber lifting above a glass ground floor, wide pave"
sharpness,AESTHETIC,ARCH_0554,sharp,False," a film museum, white faceted angular volume with sharp cantilevered edges and a long glass band, on a waterfront a"
sharpness,AESTHETIC,ARCH_0571,sharp,False,"exterior photograph of a railway station, sharp angled roof clad in shiny steel sloping over a glass entran"
urban,AESTHETIC,ARCH_0118,city,False,"n a stone podium, harbour water with a promenade, city skyline and green park behind, overcast sky, daylight, elev"
urban,AESTHETIC,ARCH_0225,city,False,"useum arcade, row of stone arches framing a night city skyline with coloured lights reflected in the water, polish"
urban,AESTHETIC,ARCH_0476,city,False,"photograph of a city skyline across a wide river, television tower with pink sph"
urban,AESTHETIC,ARCH_0537,city,False,"ables over a river and highway interchange, dense city of towers behind, blue sky with white clouds, daylight, ele"
urban,AESTHETIC,ARCH_0171,city,False,"nels forming sculptural sails above a stone base, city street intersection with traffic lights, deep blue sky, day"
urban,AESTHETIC,ARCH_0477,city,False,"base along a canal with dark water and a railing, city buildings around, evening sky, perspective view at eye leve"
urban,AESTHETIC,ARCH_0585,city,False,"onies and an inner glazed courtyard facade, dense city towers behind, river in the foreground, blue sky with cloud"
urban,AESTHETIC,ARCH_0174,city,False,"mond-shaped steel grid with bulging glass panels, city street with small trees and pedestrians, clear sky, dayligh"
urban,AESTHETIC,ARCH_0289,city,False,"canopy, turquoise reflecting pool, palm trees and city buildings behind, clear blue sky, daylight, perspective vie"
urban,AESTHETIC,ARCH_0379,city,False,"ool, dry grasses and succulents, view over a wide city below, blue sky, daylight, perspective view at eye level"
urban,AESTHETIC,ARCH_0544,city,False,"er, riverbanks with green trees and moored boats, city and hills behind, clear sky, daylight, elevated panoramic v"
urban,AESTHETIC,ARCH_0518,city,False,"craper with segmented tiers towering over a dense city of apartment blocks, forested green hill in the foreground,"
urban,AESTHETIC,ARCH_0285,city,False,"entrance and pale stone walls, green trees above, city pavement with bollards, daylight, front view at eye level"
urban,AESTHETIC,ARCH_0040,city,False," stone tower with a spire, between brick and dark city buildings with a street lamp, blue sky with white clouds, d"
urban,CONTROL,ARCH_0167,city,False,"ete polyhedron with large angled glazed openings, city street with trees and lamp posts in the foreground, clear b"
urban,CONTROL,ARCH_0547,city,False,"p overhanging roof, tower with orange top behind, city street with cars, trees and pedestrians, daylight, perspect"
urban,CONTROL,ARCH_0309,city,False,"rs and a green pyramid roof, seen down a straight city street with other office buildings, blue sky with white clo"
urban,CONTROL,ARCH_0117,city,False,"r concrete shaft with antenna, seen above a mixed city skyline with apartment blocks, chimneys and railway yards, "
urban,CONTROL,ARCH_0052,city,False,"th ends, wide harbour water in the foreground and city towers behind, blue sky with white clouds, daylight, side p"
urban,CONTROL,ARCH_0100,city,False," glass and aluminium tower with a thin roof slab, city street with parked cars and a historic brick building, blue"
urban,CONTROL,ARCH_0538,city,False,", next to a stepped tiered tower, dense high-rise city below, hazy sky, daylight, elevated view from a distance"
urban,CONTROL,ARCH_0287,city,False,"s discs, glass towers and older buildings along a city street, clear blue sky, daylight, perspective view at eye l"
urban,CONTROL,ARCH_0371,city,False,"ower with observation decks, rising above a dense city of office buildings, hazy sky, daylight, elevated view from"
urban,CONTROL,ARCH_0499,city,False,"ne office blocks with a rounded glass tower, wide city street with young trees, traffic and signs, bright overcast"
urban,CONTROL,ARCH_0422,city,False,"lazed conservatories and tall ventilation towers, city street with pedestrians and parked cars, blue sky with whit"
water,AESTHETIC,ARCH_0014,pool,False,"lished stone and glass panels, shallow reflecting pool with travertine paving, dark green trees behind, evening sk"
water,AESTHETIC,ARCH_0155,pools,False,"anged like a lotus flower on a raised podium with pools, visitors, green shrubs, hazy grey sky, daylight, front vie"
water,AESTHETIC,ARCH_0289,pool,False,"d a large projecting canopy, turquoise reflecting pool, palm trees and city buildings behind, clear blue sky, dayl"
water,AESTHETIC,ARCH_0350,pool,False,"ass walls and a stone chimney, turquoise swimming pool and bright green lawn, palm trees and bare desert mountains"
water,AESTHETIC,ARCH_0379,pool,False,"levered flat roof on a hillside terrace, swimming pool edge, black metal chairs and a red stool, dry grasses and s"
water,CONTROL,ARCH_0484,pool,False,"ght volumes of different heights, long reflecting pool and paved walkway with a bench in front, trees, daylight, p"
water,CONTROL,ARCH_0121,pool,False,"cular openings and marble inlay lines, reflecting pool and brick paving in front, daylight, perspective view at ey"
curved_organic,AESTHETIC,ARCH_0118,shells,False,"aph of an opera house, white sail-shaped concrete shells on a stone podium, harbour water with a promenade, city sky"
curved_organic,AESTHETIC,ARCH_0225,arches,False,"photograph of a museum arcade, row of stone arches framing a night city skyline with coloured lights reflected"
curved_organic,AESTHETIC,ARCH_0155,shells,False,"photograph of a temple, white marble petal-shaped shells arranged like a lotus flower on a raised podium with pools,"
curved_organic,AESTHETIC,ARCH_0507,dome,False,"sque, white stone walls with pointed arches and a dome, slender white minaret, large polished marble courtyard wit"
curved_organic,AESTHETIC,ARCH_0507,arches,False,"graph of a mosque, white stone walls with pointed arches and a dome, slender white minaret, large polished marble co"
curved_organic,AESTHETIC,ARCH_0250,rounded,False,"exterior photograph of a museum, huge rounded volume clad in dark horizontal metal louvres, wide white st"
curved_organic,AESTHETIC,ARCH_0063,shell,False,"erior photograph of an airport terminal, concrete shell roof shaped like wings with long sloping glass walls, empty"
curved_organic,AESTHETIC,ARCH_0533,dome,False,"ards at the top like a flower above a large glass dome podium, casino signs, green trees and a bus stop at street "
curved_organic,AESTHETIC,ARCH_0213,dome,False,"exterior photograph of a theatre, huge elliptical dome of titanium panels with a central glass band, surrounded by"
curved_organic,AESTHETIC,ARCH_0268,rounded,False,"exterior photograph of an art depot, large rounded bowl-shaped volume clad in mirror glass panels reflecting t"
curved_organic,AESTHETIC,ARCH_0072,dome,False," twin concrete towers linked by a bridge, a white dome and an upturned white bowl on a long low base, flat green l"
curved_organic,AESTHETIC,ARCH_0345,arches,False,"ilding, white stone facade with rows of identical arches on every floor, dense green trees on both sides and a clipp"
curved_organic,AESTHETIC,ARCH_0581,rounded,False,"hotograph of a cultural centre, cluster of smooth rounded pebble-like volumes and a tall rounded tower clad in pale m"
curved_organic,AESTHETIC,ARCH_0581,rounded,False," of smooth rounded pebble-like volumes and a tall rounded tower clad in pale metal ribbons, lawns and a paved path wi"
curved_organic,AESTHETIC,ARCH_0080,arches,False,"bolic shells with pointed curved edges and glazed arches, mosaic mural wall, large paved forecourt, trees behind, ov"
curved_organic,AESTHETIC,ARCH_0080,shells,False,"ograph of a restaurant, white concrete hyperbolic shells with pointed curved edges and glazed arches, mosaic mural w"
curved_organic,CONTROL,ARCH_0420,round,False,"ith a hilltop broadcasting tower in the distance, round white tower building with an observatory dome in the middle"
curved_organic,CONTROL,ARCH_0420,dome,False,"e, round white tower building with an observatory dome in the middle ground, dry lawn, winding path and pine trees"
curved_organic,CONTROL,ARCH_0552,round,False,"ed volume covered with a regular pattern of small round openings, low glazed entrance canopy, lawn in front, clear "
curved_organic,CONTROL,ARCH_0199,rounded,False,"exterior photograph of a skyscraper, rounded bullet-shaped tower with a skin of blue, red and grey glass"
curved_organic,CONTROL,ARCH_0595,arches,False,"aret tower and a long portico of repeated pointed arches in light stone, wide paved courtyard with benches and small"
curved_organic,CONTROL,ARCH_0253,circular,False,"aped volume with curved white concrete walls with circular holes and large glass curtain walls, lawn and driveway in f"
curved_organic,CONTROL,ARCH_0522,rounded,False,"te shells and a large sweeping steel crest over a rounded volume, palm trees and garden in front, apartment blocks be"
curved_organic,CONTROL,ARCH_0522,shells,False,"otograph of an opera house, curved white concrete shells and a large sweeping steel crest over a rounded volume, pal"
curved_organic,CONTROL,ARCH_0121,circular,False,"te cylinders and blocks with large triangular and circular openings and marble inlay lines, reflecting pool and brick "
curved_organic,CONTROL,ARCH_0280,circular,False,"exterior photograph of a pavilion, wide circular timber roof with triangular lattice pattern on a central su"
curved_organic,CONTROL,ARCH_0223,rounded,False,"exterior photograph of a theatre complex, two rounded domes covered with a dense pattern of triangular metal suns"
curved_organic,CONTROL,ARCH_0223,domes,False,"rior photograph of a theatre complex, two rounded domes covered with a dense pattern of triangular metal sunshades,"
curved_organic,CONTROL,ARCH_0588,rounded,False,"exterior photograph of an arts centre, rounded elongated volume clad in pale ceramic discs raised on slend"
curved_organic,CONTROL,ARCH_0137,circular,False,"with metal panels and ribbon windows under a wide circular cantilevered roof, access ramp with railings, covered in fr"
curved_organic,CONTROL,ARCH_0499,rounded,False,"use complex, glass and stone office blocks with a rounded glass tower, wide city street with young trees, traffic and"
curved_organic,CONTROL,ARCH_0113,rounded,False,"ntial tower, raw concrete cylindrical shafts with rounded cantilevered balconies stacked in layers, clear blue sky, d"
curved_organic,CONTROL,ARCH_0048,rounded,False,"rk brown brick facade with stepped setbacks and a rounded base, rows of small windows, shop signs at street level and"
curved_organic,CONTROL,ARCH_0083,rounded,False,", raw concrete facade with deep vertical fins and rounded window openings, glass curtain wall sections between, dayli"
monumental,CONTROL,ARCH_0121,massive,False,"exterior photograph of a parliament building, massive raw concrete cylinders and blocks with large triangular and"
