seed,quantity,estimate,ci_low,ci_high,p_boot,R
1254,neutral regime: P_s,0.04350469479490654,0.027494458203225366,0.061537350442184884,0.0,0.1849462991084253
1254,original regime: P_s,0.04350469479490654,0.027857979465116995,0.061165574601983165,0.0,0.1849462991084253
1254,paired difference original − neutral,0.0,0.0,0.0,2.0,
9865,neutral regime: P_s,0.041249670103704034,0.026099235107827558,0.057613331563006985,0.0,0.1753597826875619
9865,original regime: P_s,0.041249670103704034,0.02552821913260517,0.05791299685665033,0.0,0.1753597826875619
9865,paired difference original − neutral,0.0,0.0,0.0,2.0,
42160,neutral regime: P_s,0.05044890041669466,0.035030467562951015,0.06809718845969084,0.0,0.2144673688700272
42160,original regime: P_s,0.05044890041669466,0.0356923283804514,0.06758315630422752,0.0,0.2144673688700272
42160,paired difference original − neutral,0.0,0.0,0.0,2.0,
pooled,neutral regime: mean of the three seeds,0.04506775510510174,0.03184918172350652,0.058738865215908063,0.0,0.1915911502220048
pooled,original regime: mean of the three seeds,0.04506775510510174,0.032322288852081604,0.05950207482123418,0.0,0.1915911502220048
pooled,"paired difference, mean of the three seeds",0.0,0.0,0.0,2.0,
