feature,A_n_rerun,C_n_rerun,A_n_previous,C_n_previous,identical
brightness,4,1,4.0,1.0,True
contrast,0,0,0.0,0.0,True
saturation,0,0,0.0,0.0,True
colorfulness,1,2,1.0,2.0,True
warmth,2,0,2.0,0.0,True
sharpness,2,0,2.0,0.0,True
detail,0,0,0.0,0.0,True
interior,1,0,1.0,0.0,True
cars,6,8,6.0,8.0,True
low_angle,20,12,20.0,12.0,True
urban,14,12,14.0,12.0,True
vintage_photo,0,1,0.0,1.0,True
people,15,9,15.0,9.0,True
greenery,55,55,55.0,55.0,True
real_photo,89,89,89.0,89.0,True
water,28,10,28.0,10.0,True
whole_building,0,0,0.0,0.0,True
sunny,1,1,1.0,1.0,True
curved_organic,37,27,37.0,27.0,True
concrete,17,27,17.0,27.0,True
iconic_design,0,0,0.0,0.0,True
contemporary,0,0,0.0,0.0,True
monumental,0,1,0.0,1.0,True
glass,44,38,44.0,38.0,True
complex_form,6,7,6.0,7.0,True
colourful,1,2,1.0,2.0,True
wood,8,4,8.0,4.0,True
white,46,41,46.0,41.0,True
