control_image,sort_order,stratum,stratum_key,reason_recorded,reason_reexecuted,aesthetic_in_same_stratum,n_aesthetic_in_stratum,building_type,style,period,area,country
ARCH_0420,0,type_and_style,BuildingType=TV tower / infrastructure | Style=Modernism,matched: BuildingType=TV tower / infrastructure | Style=Modernism,matched: BuildingType=TV tower / infrastructure | Style=Modernism,ARCH_0382,1,TV tower / infrastructure,Modernism,1970-1989,Asia,South Korea
ARCH_0046,1,type_and_style,BuildingType=church | Style=Brazilian modernism,matched: BuildingType=church | Style=Brazilian modernism,matched: BuildingType=church | Style=Brazilian modernism,ARCH_0147,1,church,Brazilian modernism,1919-1945,Latin America,Brazil
ARCH_0524,2,type_and_style,BuildingType=collective housing | Style=Contemporary,matched: BuildingType=collective housing | Style=Contemporary,matched: BuildingType=collective housing | Style=Contemporary,ARCH_0585,1,collective housing,Contemporary,1990-2009,Europe,Denmark
ARCH_0167,3,type_and_style,BuildingType=concert hall | Style=Deconstructivism,matched: BuildingType=concert hall | Style=Deconstructivism,matched: BuildingType=concert hall | Style=Deconstructivism,ARCH_0171,1,concert hall,Deconstructivism,1990-2009,Europe,Portugal
ARCH_0584,4,type_and_style,BuildingType=congress centre | Style=Contemporary,matched: BuildingType=congress centre | Style=Contemporary,matched: BuildingType=congress centre | Style=Contemporary,ARCH_0546,1,congress centre,Contemporary,2010-today,Europe,Italy
ARCH_0547,5,type_and_style,BuildingType=cultural centre | Style=Contemporary,matched: BuildingType=cultural centre | Style=Contemporary,matched: BuildingType=cultural centre | Style=Contemporary,ARCH_0581,1,cultural centre,Contemporary,2010-today,Latin America,Chile
ARCH_0552,6,type_and_style,BuildingType=library | Style=Contemporary,matched: BuildingType=library | Style=Contemporary,matched: BuildingType=library | Style=Contemporary,ARCH_0570,1,library,Contemporary,2010-today,Japan,Japan
ARCH_0403,7,type_and_style,BuildingType=mosque | Style=Modernism,matched: BuildingType=mosque | Style=Modernism,matched: BuildingType=mosque | Style=Modernism,ARCH_0460,1,mosque,Modernism,1946-1969,Asia,Malaysia
ARCH_0486,8,type_and_style,BuildingType=museum | Style=Contemporary,matched: BuildingType=museum | Style=Contemporary,matched: BuildingType=museum | Style=Contemporary,ARCH_0582,1,museum,Contemporary,1990-2009,Europe,Netherlands
ARCH_0258,9,type_and_style,BuildingType=museum | Style=Contemporary / timber,matched: BuildingType=museum | Style=Contemporary / timber,matched: BuildingType=museum | Style=Contemporary / timber,ARCH_0285,1,museum,Contemporary / timber,2010-today,Japan,Japan
ARCH_0172,10,type_and_style,BuildingType=museum | Style=Deconstructivism,matched: BuildingType=museum | Style=Deconstructivism,matched: BuildingType=museum | Style=Deconstructivism,ARCH_0565,1,museum,Deconstructivism,1990-2009,Europe,Germany
ARCH_0085,11,type_and_style,BuildingType=museum | Style=Modern Movement,matched: BuildingType=museum | Style=Modern Movement,matched: BuildingType=museum | Style=Modern Movement,ARCH_0089,1,museum,Modern Movement,1946-1969,Japan,Japan
ARCH_0309,12,type_and_style,BuildingType=office building | Style=Art Deco,matched: BuildingType=office building | Style=Art Deco,matched: BuildingType=office building | Style=Art Deco,ARCH_0040,1,office building,Art Deco,1919-1945,North America,United States
ARCH_0199,13,type_and_style,BuildingType=office building | Style=Contemporary,matched: BuildingType=office building | Style=Contemporary,matched: BuildingType=office building | Style=Contemporary,ARCH_0542,1,office building,Contemporary,1990-2009,Europe,Spain
ARCH_0319,14,type_and_style,BuildingType=office building | Style=International Style,matched: BuildingType=office building | Style=International Style,matched: BuildingType=office building | Style=International Style,ARCH_0057,1,office building,International Style,1919-1945,North America,United States
ARCH_0041,15,type_and_style,BuildingType=single-family house | Style=International Style,matched: BuildingType=single-family house | Style=International Style,matched: BuildingType=single-family house | Style=International Style,ARCH_0097;ARCH_0056,2,single-family house,International Style,1919-1945,North America,United States
ARCH_0060,16,type_and_style,BuildingType=single-family house | Style=International Style,matched: BuildingType=single-family house | Style=International Style,matched: BuildingType=single-family house | Style=International Style,ARCH_0097;ARCH_0056,2,single-family house,International Style,1946-1969,North America,United States
ARCH_0061,17,type_and_style,BuildingType=single-family house | Style=Mid-century modern (Case Study House),matched: BuildingType=single-family house | Style=Mid-century modern (Case Study House),matched: BuildingType=single-family house | Style=Mid-century modern (Case Study House),ARCH_0379,1,single-family house,Mid-century modern (Case Study House),1946-1969,North America,United States
ARCH_0012,18,type_and_style,BuildingType=single-family house | Style=Modern Movement,matched: BuildingType=single-family house | Style=Modern Movement,matched: BuildingType=single-family house | Style=Modern Movement,ARCH_0075,1,single-family house,Modern Movement,1919-1945,Europe,Czech Republic
ARCH_0540,19,type_and_style,BuildingType=stadium | Style=Contemporary,matched: BuildingType=stadium | Style=Contemporary,matched: BuildingType=stadium | Style=Contemporary,ARCH_0230,1,stadium,Contemporary,1990-2009,Africa,South Africa
ARCH_0117,20,type_only,BuildingType=TV tower / infrastructure,matched (relaxed to BuildingType): BuildingType=TV tower / infrastructure,matched (relaxed to BuildingType): BuildingType=TV tower / infrastructure,ARCH_0476;ARCH_0382;ARCH_0545,3,TV tower / infrastructure,Soviet structural modernism,1946-1969,Europe,Russia
ARCH_0409,21,type_only,BuildingType=TV tower / infrastructure,matched (relaxed to BuildingType): BuildingType=TV tower / infrastructure,matched (relaxed to BuildingType): BuildingType=TV tower / infrastructure,ARCH_0476;ARCH_0382;ARCH_0545,3,TV tower / infrastructure,Modernism,1946-1969,Latin America,Brazil
ARCH_0052,22,type_only,BuildingType=bridge / infrastructure,matched (relaxed to BuildingType): BuildingType=bridge / infrastructure,matched (relaxed to BuildingType): BuildingType=bridge / infrastructure,ARCH_0483;ARCH_0018;ARCH_0503;ARCH_0192,4,bridge / infrastructure,Structural engineering,1919-1945,Oceania,Australia
ARCH_0501,23,type_only,BuildingType=bridge / infrastructure,matched (relaxed to BuildingType): BuildingType=bridge / infrastructure,matched (relaxed to BuildingType): BuildingType=bridge / infrastructure,ARCH_0483;ARCH_0018;ARCH_0503;ARCH_0192,4,bridge / infrastructure,Structural engineering,1990-2009,Europe,Denmark
ARCH_0487,24,type_only,BuildingType=bridge / infrastructure,matched (relaxed to BuildingType): BuildingType=bridge / infrastructure,matched (relaxed to BuildingType): BuildingType=bridge / infrastructure,ARCH_0483;ARCH_0018;ARCH_0503;ARCH_0192,4,bridge / infrastructure,Structural engineering,1990-2009,Asia,China
ARCH_0489,25,type_only,BuildingType=bridge / infrastructure,matched (relaxed to BuildingType): BuildingType=bridge / infrastructure,matched (relaxed to BuildingType): BuildingType=bridge / infrastructure,ARCH_0483;ARCH_0018;ARCH_0503;ARCH_0192,4,bridge / infrastructure,Structural engineering,1990-2009,Japan,Japan
ARCH_0484,26,type_only,BuildingType=chapel,matched (relaxed to BuildingType): BuildingType=chapel,matched (relaxed to BuildingType): BuildingType=chapel,ARCH_0145,1,chapel,Phenomenological modernism,1990-2009,North America,United States
ARCH_0135,27,type_only,BuildingType=church,matched (relaxed to BuildingType): BuildingType=church,matched (relaxed to BuildingType): BuildingType=church,ARCH_0147;ARCH_0088,2,church,Brutalism / sculptural,1970-1989,Europe,Austria
ARCH_0140,28,type_only,BuildingType=collective housing,matched (relaxed to BuildingType): BuildingType=collective housing,matched (relaxed to BuildingType): BuildingType=collective housing,ARCH_0585;ARCH_0452,2,collective housing,Postmodernism,1970-1989,Europe,France
ARCH_0428,29,type_only,BuildingType=cultural centre,matched (relaxed to BuildingType): BuildingType=cultural centre,matched (relaxed to BuildingType): BuildingType=cultural centre,ARCH_0246;ARCH_0581,2,cultural centre,Late modernism,1970-1989,Europe,Sweden
ARCH_0227,30,type_only,BuildingType=hotel,matched (relaxed to BuildingType): BuildingType=hotel,matched (relaxed to BuildingType): BuildingType=hotel,ARCH_0224,1,hotel,Contemporary / structural expressionism,1990-2009,Middle East,United Arab Emirates
ARCH_0231,31,type_only,BuildingType=library,matched (relaxed to BuildingType): BuildingType=library,matched (relaxed to BuildingType): BuildingType=library,ARCH_0570;ARCH_0295,2,library,Contemporary / social architecture,1990-2009,Latin America,Colombia
ARCH_0359,32,type_only,BuildingType=mausoleum,matched (relaxed to BuildingType): BuildingType=mausoleum,matched (relaxed to BuildingType): BuildingType=mausoleum,ARCH_0354,1,mausoleum,Modernism with Persian references,1946-1969,Middle East,Iran
ARCH_0595,33,type_only,BuildingType=mosque,matched (relaxed to BuildingType): BuildingType=mosque,matched (relaxed to BuildingType): BuildingType=mosque,ARCH_0507;ARCH_0472;ARCH_0460,3,mosque,Contemporary,2010-today,Africa,Algeria
ARCH_0480,34,type_only,BuildingType=museum,matched (relaxed to BuildingType): BuildingType=museum,matched (relaxed to BuildingType): BuildingType=museum,ARCH_0225;ARCH_0062;ARCH_0463;ARCH_0250;ARCH_0288;ARCH_0582;ARCH_0089;ARCH_0289;ARCH_0285;ARCH_0565,10,museum,Minimalism,1990-2009,Japan,Japan
ARCH_0574,35,type_only,BuildingType=museum,matched (relaxed to BuildingType): BuildingType=museum,matched (relaxed to BuildingType): BuildingType=museum,ARCH_0225;ARCH_0062;ARCH_0463;ARCH_0250;ARCH_0288;ARCH_0582;ARCH_0089;ARCH_0289;ARCH_0285;ARCH_0565,10,museum,Contemporary / parametric veil,2010-today,North America,United States
ARCH_0234,36,type_only,BuildingType=museum,matched (relaxed to BuildingType): BuildingType=museum,matched (relaxed to BuildingType): BuildingType=museum,ARCH_0225;ARCH_0062;ARCH_0463;ARCH_0250;ARCH_0288;ARCH_0582;ARCH_0089;ARCH_0289;ARCH_0285;ARCH_0565,10,museum,Paulista Brutalism,1990-2009,Latin America,Brazil
ARCH_0448,37,type_only,BuildingType=museum,matched (relaxed to BuildingType): BuildingType=museum,matched (relaxed to BuildingType): BuildingType=museum,ARCH_0225;ARCH_0062;ARCH_0463;ARCH_0250;ARCH_0288;ARCH_0582;ARCH_0089;ARCH_0289;ARCH_0285;ARCH_0565,10,museum,Late modernism / white modernism,1970-1989,North America,United States
ARCH_0142,38,type_only,BuildingType=museum,matched (relaxed to BuildingType): BuildingType=museum,matched (relaxed to BuildingType): BuildingType=museum,ARCH_0225;ARCH_0062;ARCH_0463;ARCH_0250;ARCH_0288;ARCH_0582;ARCH_0089;ARCH_0289;ARCH_0285;ARCH_0565,10,museum,Deconstructivism,1970-1989,Europe,Germany
ARCH_0212,39,type_only,BuildingType=museum,matched (relaxed to BuildingType): BuildingType=museum,matched (relaxed to BuildingType): BuildingType=museum,ARCH_0225;ARCH_0062;ARCH_0463;ARCH_0250;ARCH_0288;ARCH_0582;ARCH_0089;ARCH_0289;ARCH_0285;ARCH_0565,10,museum,Critical regionalism / recycled materials,1990-2009,Asia,China
ARCH_0337,40,type_only,BuildingType=office building / corporate headquarters,matched (relaxed to BuildingType): BuildingType=office building / corporate headquarters,matched (relaxed to BuildingType): BuildingType=office building / corporate headquarters,ARCH_0381,1,office building / corporate headquarters,Functionalism,1919-1945,Europe,Czech Republic
ARCH_0100,41,type_only,BuildingType=office building,matched (relaxed to BuildingType): BuildingType=office building,matched (relaxed to BuildingType): BuildingType=office building,ARCH_0543;ARCH_0471;ARCH_0482;ARCH_0057;ARCH_0542;ARCH_0040,6,office building,Modernism,1946-1969,Europe,Italy
ARCH_0081,42,type_only,BuildingType=office building,matched (relaxed to BuildingType): BuildingType=office building,matched (relaxed to BuildingType): BuildingType=office building,ARCH_0543;ARCH_0471;ARCH_0482;ARCH_0057;ARCH_0542;ARCH_0040,6,office building,International Style,1946-1969,Latin America,Mexico
ARCH_0293,43,type_only,BuildingType=office building,matched (relaxed to BuildingType): BuildingType=office building,matched (relaxed to BuildingType): BuildingType=office building,ARCH_0543;ARCH_0471;ARCH_0482;ARCH_0057;ARCH_0542;ARCH_0040,6,office building,Sustainable architecture (Living Building),2010-today,North America,United States
ARCH_0538,44,type_only,BuildingType=office tower,matched (relaxed to BuildingType): BuildingType=office tower,matched (relaxed to BuildingType): BuildingType=office tower,ARCH_0414;ARCH_0518,2,office tower,Contemporary,1990-2009,Asia,China
ARCH_0368,45,type_only,BuildingType=office tower,matched (relaxed to BuildingType): BuildingType=office tower,matched (relaxed to BuildingType): BuildingType=office tower,ARCH_0414;ARCH_0518,2,office tower,International Style,1946-1969,Oceania,Australia
ARCH_0253,46,type_only,BuildingType=opera house / theatre,matched (relaxed to BuildingType): BuildingType=opera house / theatre,matched (relaxed to BuildingType): BuildingType=opera house / theatre,ARCH_0118;ARCH_0213,2,opera house / theatre,Digital / topological architecture,2010-today,Asia,Taiwan
ARCH_0522,47,type_only,BuildingType=opera house,matched (relaxed to BuildingType): BuildingType=opera house,matched (relaxed to BuildingType): BuildingType=opera house,ARCH_0249;ARCH_0198;ARCH_0247,3,opera house,Structural expressionism,1990-2009,Europe,Spain
ARCH_0374,48,type_only,BuildingType=parliament,matched (relaxed to BuildingType): BuildingType=parliament,matched (relaxed to BuildingType): BuildingType=parliament,ARCH_0332;ARCH_0072;ARCH_0156,3,parliament,Socialist classicism,1946-1969,Asia,China
ARCH_0202,49,type_only,BuildingType=parliament,matched (relaxed to BuildingType): BuildingType=parliament,matched (relaxed to BuildingType): BuildingType=parliament,ARCH_0332;ARCH_0072;ARCH_0156,3,parliament,Deconstructivism / organic,1990-2009,Europe,United Kingdom
ARCH_0121,50,type_only,BuildingType=parliament,matched (relaxed to BuildingType): BuildingType=parliament,matched (relaxed to BuildingType): BuildingType=parliament,ARCH_0332;ARCH_0072;ARCH_0156,3,parliament,Monumental modernism,1970-1989,Asia,Bangladesh
ARCH_0280,51,type_only,BuildingType=pavilion,matched (relaxed to BuildingType): BuildingType=pavilion,matched (relaxed to BuildingType): BuildingType=pavilion,ARCH_0014,1,pavilion,Contemporary / timber,2010-today,Europe,United Kingdom
ARCH_0027,52,type_only,BuildingType=public building,matched (relaxed to BuildingType): BuildingType=public building,matched (relaxed to BuildingType): BuildingType=public building,ARCH_0345,1,public building,Italian Rationalism,1919-1945,Europe,Italy
ARCH_0322,53,type_only,BuildingType=railway station,matched (relaxed to BuildingType): BuildingType=railway station,matched (relaxed to BuildingType): BuildingType=railway station,ARCH_0571,1,railway station,Art Deco,1919-1945,North America,United States
ARCH_0189,54,type_only,BuildingType=school / university,matched (relaxed to BuildingType): BuildingType=school / university,matched (relaxed to BuildingType): BuildingType=school / university,ARCH_0003,1,school / university,Minimalism,1990-2009,Europe,Germany
ARCH_0304,55,type_only,BuildingType=single-family house,matched (relaxed to BuildingType): BuildingType=single-family house,matched (relaxed to BuildingType): BuildingType=single-family house,ARCH_0038;ARCH_0338;ARCH_0097;ARCH_0056;ARCH_0350;ARCH_0075;ARCH_0379,7,single-family house,Bauhaus,1919-1945,Europe,Germany
ARCH_0153,56,type_only,BuildingType=single-family house,matched (relaxed to BuildingType): BuildingType=single-family house,matched (relaxed to BuildingType): BuildingType=single-family house,ARCH_0038;ARCH_0338;ARCH_0097;ARCH_0056;ARCH_0350;ARCH_0075;ARCH_0379,7,single-family house,Minimalism / critical regionalism,1970-1989,Japan,Japan
ARCH_0306,57,type_only,BuildingType=single-family house,matched (relaxed to BuildingType): BuildingType=single-family house,matched (relaxed to BuildingType): BuildingType=single-family house,ARCH_0038;ARCH_0338;ARCH_0097;ARCH_0056;ARCH_0350;ARCH_0075;ARCH_0379,7,single-family house,Modern Movement,1919-1945,Europe,France
ARCH_0029,58,type_only,BuildingType=stadium,matched (relaxed to BuildingType): BuildingType=stadium,matched (relaxed to BuildingType): BuildingType=stadium,ARCH_0230;ARCH_0176,2,stadium,Structural modernism,1919-1945,Europe,Italy
ARCH_0223,59,type_only,BuildingType=theatre / concert hall,matched (relaxed to BuildingType): BuildingType=theatre / concert hall,matched (relaxed to BuildingType): BuildingType=theatre / concert hall,ARCH_0557,1,theatre / concert hall,Contemporary,1990-2009,Asia,Singapore
ARCH_0287,60,type_only,BuildingType=university building,matched (relaxed to BuildingType): BuildingType=university building,matched (relaxed to BuildingType): BuildingType=university building,ARCH_0274,1,university building,Contemporary / sustainable,2010-today,Oceania,Australia
ARCH_0588,61,random_fill,,matched: random fill,matched: random fill,,0,arts centre,Contemporary,2010-today,Europe,Spain
ARCH_0360,62,random_fill,,matched: random fill,matched: random fill,,0,cultural centre / hotel,Japanese modernism,1946-1969,Japan,Japan
ARCH_0264,63,random_fill,,matched: random fill,matched: random fill,,0,museum entrance building,Contemporary classicism,2010-today,Europe,Germany
ARCH_0245,64,random_fill,,matched: random fill,matched: random fill,,0,theatre,Contemporary,2010-today,Asia,Taiwan
ARCH_0589,65,random_fill,,matched: random fill,matched: random fill,,0,cultural centre / experience house,Contemporary,2010-today,Europe,Denmark
ARCH_0020,66,random_fill,,matched: random fill,matched: random fill,,0,factory,Nieuwe Bouwen / functionalism,1919-1945,Europe,Netherlands
ARCH_0504,67,random_fill,,matched: random fill,matched: random fill,,0,waste incineration plant,Expressionist / decorative,1990-2009,Japan,Japan
ARCH_0238,68,random_fill,,matched: random fill,matched: random fill,,0,waste-to-energy plant with ski slope,Contemporary industrial,2010-today,Europe,Denmark
ARCH_0342,69,random_fill,,matched: random fill,matched: random fill,,0,power station,International Style industrial,1919-1945,Middle East,Israel
ARCH_0125,70,random_fill,,matched: random fill,matched: random fill,,0,distribution centre / warehouse,High-tech,1970-1989,Europe,United Kingdom
ARCH_0137,71,random_fill,,matched: random fill,matched: random fill,,0,hotel and TV transmitter,Late modernism / structural,1970-1989,Europe,Czech Republic
ARCH_0371,72,random_fill,,matched: random fill,matched: random fill,,0,broadcasting tower / infrastructure,Structural steel,1946-1969,Japan,Japan
ARCH_0559,73,random_fill,,matched: random fill,matched: random fill,,0,sports arena,Contemporary,2010-today,Oceania,Australia
ARCH_0129,74,random_fill,,matched: random fill,matched: random fill,,0,collective housing and arts centre,Brutalism,1970-1989,Europe,United Kingdom
ARCH_0397,75,random_fill,,matched: random fill,matched: random fill,,0,hotel,Metabolism,1946-1969,Japan,Japan
ARCH_0078,76,random_fill,,matched: random fill,matched: random fill,,0,library,Mexican modernism,1946-1969,Latin America,Mexico
ARCH_0499,77,random_fill,,matched: random fill,matched: random fill,,0,mixed-use complex,High-tech,1990-2009,Europe,Germany
ARCH_0109,78,random_fill,,matched: random fill,matched: random fill,,0,university building,Postwar modernism / proto-high-tech,1946-1969,Europe,United Kingdom
ARCH_0358,79,random_fill,,matched: random fill,matched: random fill,,0,concert hall,Japanese modernism,1946-1969,Japan,Japan
ARCH_0365,80,random_fill,,matched: random fill,matched: random fill,,0,factory complex (now art district),Industrial Bauhaus-derived,1946-1969,Asia,China
ARCH_0113,81,random_fill,,matched: random fill,matched: random fill,,0,collective housing,Organic brutalism,1946-1969,Europe,Spain
ARCH_0116,82,random_fill,,matched: random fill,matched: random fill,,0,museum,Yugoslav modernism,1946-1969,Europe,Serbia
ARCH_0048,83,random_fill,,matched: random fill,matched: random fill,,0,hotel,Art Deco,1919-1945,Asia,China
ARCH_0422,84,random_fill,,matched: random fill,matched: random fill,,0,housing and retail,Brutalism,1970-1989,Europe,United Kingdom
ARCH_0551,85,random_fill,,matched: random fill,matched: random fill,,0,hospital,Contemporary,2010-today,Africa,Rwanda
ARCH_0083,86,random_fill,,matched: random fill,matched: random fill,,0,bank / office building,Brutalism,1946-1969,Latin America,Argentina
ARCH_0193,87,random_fill,,matched: random fill,matched: random fill,,0,corporate headquarters and production facility,High-tech,1990-2009,Europe,United Kingdom
ARCH_0369,88,random_fill,,matched: random fill,matched: random fill,,0,collective housing,Danish modernism,1946-1969,Europe,Denmark
