adapter,training_seed,target,metric,change_vs_BASE,ci_low,ci_high,p_boot
AESTHETIC,1254,AESTHETIC photographs,centroid_to_centroid,-0.2345875794228487,-0.49598549922581264,0.0696155977615012,0.1344
AESTHETIC,1254,CONTROL photographs,centroid_to_centroid,-0.17906083121477012,-0.4555742463860021,0.1319233099457058,0.2668
AESTHETIC,9865,AESTHETIC photographs,centroid_to_centroid,-0.41954893125621995,-0.5684966486645288,-0.19195070369559977,0.0
AESTHETIC,9865,CONTROL photographs,centroid_to_centroid,-0.3425745806663776,-0.5203016319808685,-0.10914202594946858,0.0044
AESTHETIC,42160,AESTHETIC photographs,centroid_to_centroid,-0.07444123674468361,-0.3373242491556033,0.2815706470134269,0.658
AESTHETIC,42160,CONTROL photographs,centroid_to_centroid,-0.12103687759838966,-0.38261779188682726,0.20072737275452612,0.4572
CONTROL,1254,AESTHETIC photographs,centroid_to_centroid,-0.33253053687117307,-0.5758787929127065,-0.04381160119231122,0.0212
CONTROL,1254,CONTROL photographs,centroid_to_centroid,-0.501948814854722,-0.7339711419189626,-0.22002205559831925,0.0004
CONTROL,9865,AESTHETIC photographs,centroid_to_centroid,-0.8585139710234599,-1.0700308328238815,-0.5586137958924133,0.0
CONTROL,9865,CONTROL photographs,centroid_to_centroid,-1.1598626502958125,-1.382488816004608,-0.858377764930818,0.0
CONTROL,42160,AESTHETIC photographs,centroid_to_centroid,-0.4252477786562947,-0.61342994341089,-0.16846364915579845,0.0008
CONTROL,42160,CONTROL photographs,centroid_to_centroid,-0.918395985277987,-1.1252319366023589,-0.6305286971570895,0.0
