adapter,training_seed,target,centroid_to_centroid,mean_image_to_centroid
BASE,0,AESTHETIC photographs,2.675435222856453,6.151200998495637
BASE,0,CONTROL photographs,3.1264756861906164,6.346509680751784
AESTHETIC,1254,AESTHETIC photographs,2.4408476434336044,6.141182150892871
AESTHETIC,1254,CONTROL photographs,2.9474148549758463,6.3388213339359325
AESTHETIC,9865,AESTHETIC photographs,2.255886291600233,6.259618978610869
AESTHETIC,9865,CONTROL photographs,2.783901105524239,6.447050142567131
AESTHETIC,42160,AESTHETIC photographs,2.6009939861117695,6.347901945703292
AESTHETIC,42160,CONTROL photographs,3.005438808592227,6.509824308806034
CONTROL,1254,AESTHETIC photographs,2.34290468598528,5.993828342892556
CONTROL,1254,CONTROL photographs,2.6245268713358945,6.095818959668105
CONTROL,9865,AESTHETIC photographs,1.8169212518329931,5.787858407786935
CONTROL,9865,CONTROL photographs,1.966613035894804,5.81777175856644
CONTROL,42160,AESTHETIC photographs,2.2501874442001584,6.050121079312937
CONTROL,42160,CONTROL photographs,2.2080797009126294,6.021962356872526
