feature,block,x_all_89_vs_89,x_type_and_style_20,x_type_only_41,x_matched_61,x_random_28_vs_all_A,a_minus_c,a_minus_BASE,c_minus_BASE
brightness,photography,0.03087959727558439,0.3396307492788497,-0.07957623366700778,0.10144496351415792,0.14267774449154805,-0.22570430865216218,-0.16422718794795058,0.0614771207042116
contrast,photography,-0.367719373501637,-0.4667108098494888,-0.5055984165688703,-0.48880604094004637,-0.2959616066610479,-0.14750150732645775,-0.24924883380301197,-0.10174732647655421
saturation,photography,0.2214706675292536,-0.45461071528882435,0.339288067918184,-0.0035318611939332482,0.34055317708278043,0.2816658025183229,0.48533804111140383,0.20367223859308092
colorfulness,photography,0.1097927806493753,-0.42459528663474433,0.24007051520774247,-0.04694426286060416,0.17218515879182023,0.12363286177724891,0.4557060763634298,0.3320732145861809
warmth,photography,0.05171413881606084,0.2441362702603447,0.11722212012935533,0.1720259576859189,0.007612277167978146,-0.18626568624330764,-0.5785153115946986,-0.39224962535139096
sharpness,photography,0.08036435356929646,-0.033033089512489774,0.135230861883598,0.06257142832619647,0.13551066545399792,0.1125036697317002,0.24240474316600133,0.12990107343430113
detail,photography,0.026139211728726915,-0.18175638218823262,0.17111350940625528,0.01873787439954464,0.10698362738207633,0.1279331569364298,0.18787485766359932,0.05994170072716954
sky_brightness,photography,-0.1885051748336658,0.0685524611548686,-0.3459501061178502,-0.16696036115917617,-0.06608575540221229,-0.20546915690231082,-0.18119358409761607,0.024275572804694737
dark_share,photography,-0.1309875905862796,-0.5565829931855405,-0.05624994456172555,-0.2723028519220093,-0.18445360179291953,0.10127399421191946,0.030032428229937246,-0.07124156598198221
bright_share,photography,-0.026445885504631644,-0.15089293951152458,-0.1502923583223941,-0.15055170019951863,-0.07121674847130692,-0.06299863092439667,-0.04411043878214806,0.0188881921422486
whole_building,framing and scene,-0.02032068355824493,0.1396375817198374,-0.010668687907032105,0.05423629215911607,0.00796524598498153,-0.1442108342359795,-0.3253422647909786,-0.1811314305549991
low_angle,framing and scene,0.40859202302540565,0.6041951283554031,0.3908300799482325,0.48296498721496534,0.2771660249645641,0.19883333034556747,-0.15971350734093429,-0.35854683768650175
sunny,framing and scene,0.003609755786313229,-0.6791804291429598,0.2589392578315623,-0.14615787972561775,-0.12423185671003713,0.10471867060335649,0.3807472867106773,0.2760286161073208
vintage_photo,framing and scene,-0.25748844708311985,0.1320720198918329,-0.36248914744103294,-0.14892864336547723,-0.37311749876892036,-0.20028621367041108,-0.24283912089162232,-0.042552907221211245
real_photo,framing and scene,0.07353124886567881,0.1717137766204261,-0.08564374925886213,0.02548790964355779,0.2733877777481424,0.17643508981061493,-0.1440238957107843,-0.32045898552139923
people,framing and scene,-0.12857126582981507,-0.0471538042660034,0.3187676945927296,0.16075613826736762,-0.6402057433102379,-0.16494896922416288,0.24795325797227227,0.41290222719643516
cars,framing and scene,-0.41160211505436384,-0.04580038162391546,-0.27064771969173984,-0.17355455098063385,-0.7978414624358867,-0.22479896573525018,0.17468924156667134,0.3994882073019215
greenery,framing and scene,0.10448300376049058,-0.2092386960403286,0.17881594131557613,0.011246893366435452,0.1396326212116154,-0.022480086297075305,-0.034471086063260555,-0.011990999766185251
water,framing and scene,0.05995546736858393,-0.3364136243841138,0.2034468744842497,-0.02967470457254365,0.06076071570655442,0.01100926420266208,-0.016146495753436192,-0.02715575995609827
urban,framing and scene,-0.259052013382639,-0.2701890151727295,-0.16054473918235934,-0.2078911310872919,-0.37490776728425507,-0.0867216310286099,0.09281373964817351,0.1795353706767834
interior,framing and scene,0.44671666038609215,0.23461423687962527,0.17938300256010684,0.2032328537435353,0.6074189050874144,0.09085860044112104,-0.3457790221164529,-0.43663762255757393
iconic_design,architectural content (CLIP),0.5796568213785558,0.2762787279666683,0.3947402847671038,0.3435864306941884,0.661063158419942,0.19079372366891506,-0.10632088225758402,-0.2971146059264991
complex_form,architectural content (CLIP),0.3489408109292491,0.15921626105952624,0.26675141432412625,0.2203157799598671,0.22920797798535403,0.16703062168371946,-0.3244865361942481,-0.49151715787796757
curved_organic,architectural content (CLIP),0.6140657096226674,0.3234295456478325,0.19859246831396135,0.2524993880717693,0.47214984255307485,0.10387727387773386,0.2244827972800109,0.12060552340227702
monumental,architectural content (CLIP),0.41934429129155953,0.6675944036847506,0.2197006529197585,0.41310931802282336,0.3680385919047502,0.11268003457976983,0.0798182094093272,-0.03286182517044262
contemporary,architectural content (CLIP),0.4303941457105465,0.0681473283443262,0.28966602777832523,0.19401022575000743,0.5957881155393685,0.2900749398288044,-0.03756996809665234,-0.32764490792545675
glass,architectural content (CLIP),0.3675324462298172,0.03447063878794025,0.2963250453885596,0.18325155162920126,0.6468283597603417,0.0905500586707747,-0.32085757692892886,-0.41140763559970356
concrete,architectural content (CLIP),-0.5800146882560797,-0.4752720964298373,-0.5729056549960139,-0.5307457092515285,-0.6803618495052962,-0.10158427686837665,-0.1586254027571911,-0.057041125888814444
wood,architectural content (CLIP),-0.00803287688387748,0.04038892071106477,0.2646997250677732,0.16783824136828543,-0.3490892715828356,-0.1254315741631938,0.08272687318562455,0.20815844734881836
white,architectural content (CLIP),-0.049199955795066024,-0.030157033252344798,-0.08125206105491813,-0.059188299049261435,-0.018115527696564934,-0.08048878747455956,0.10521436043938104,0.1857031479139406
colourful,architectural content (CLIP),0.11197327712496526,-0.4066460263827084,0.3374277132794113,0.016123143879859612,-0.20880938339167432,0.0075819491302339115,0.3714980397176089,0.363916090587375
