adapter,training_seed,target,mean_change_vs_BASE,ci_low,ci_high,p_boot
AESTHETIC,1254,AESTHETIC photographs,-0.010018847602765288,-0.21645311268919887,0.20446169720416235,0.9436
AESTHETIC,1254,CONTROL photographs,-0.007688346815852583,-0.22230641208961044,0.2105532896809726,0.9512
AESTHETIC,1254,own minus other corpus,-0.0023305007869127057,-0.06484303601139212,0.06447012597626832,0.9272
AESTHETIC,9865,AESTHETIC photographs,0.10841798011523207,-0.035364559754682584,0.255576980527315,0.1404
AESTHETIC,9865,CONTROL photographs,0.1005404618153475,-0.04832623134176288,0.23956202349026248,0.1748
AESTHETIC,9865,own minus other corpus,0.007877518299884556,-0.04671403774507657,0.06287276032614883,0.7784
AESTHETIC,42160,AESTHETIC photographs,0.19670094720765427,-0.012469697338878984,0.41504720288872016,0.0688
AESTHETIC,42160,CONTROL photographs,0.1633146280542495,-0.05538988771007451,0.39217110571898833,0.1468
AESTHETIC,42160,own minus other corpus,0.03338631915340473,-0.022925970726947482,0.09037103614057289,0.2412
CONTROL,1254,AESTHETIC photographs,-0.15737265560308042,-0.3405482839527383,0.025474437448925122,0.088
CONTROL,1254,CONTROL photographs,-0.2506907210836798,-0.44193112512061417,-0.06391022795643397,0.0076
CONTROL,1254,own minus other corpus,-0.09331806548059939,-0.14105922125712672,-0.045656921870953056,0.0
CONTROL,9865,AESTHETIC photographs,-0.3633425907087016,-0.48547976643260093,-0.24083203358354013,0.0
CONTROL,9865,CONTROL photographs,-0.5287379221853442,-0.6734304529194063,-0.38958396382868116,0.0
CONTROL,9865,own minus other corpus,-0.16539533147664262,-0.22295885465854973,-0.11048424822150629,0.0
CONTROL,42160,AESTHETIC photographs,-0.10107991918270003,-0.27490919948505177,0.07718954840943339,0.2728
CONTROL,42160,CONTROL photographs,-0.3245473238792595,-0.5304692927598802,-0.11365443386801903,0.0024
CONTROL,42160,own minus other corpus,-0.22346740469655946,-0.29598702163809565,-0.15020206762190552,0.0
