adapter,training_seed,target,centroid_to_centroid,mean_image_to_centroid,mean_image_to_photographs
BASE,0,AESTHETIC photographs,0.389847116959186,0.9282746963746952,1.2961289624181795
BASE,0,CONTROL photographs,0.34901255154669086,0.9133549928345222,1.2945257463335598
AESTHETIC,1254,AESTHETIC photographs,0.3373916778692806,0.9134666149742157,1.2849558954681122
AESTHETIC,1254,CONTROL photographs,0.3212982202149761,0.9096683286104058,1.2918134401652417
AESTHETIC,9865,AESTHETIC photographs,0.3503875389251179,0.9201938695161864,1.2900124387689167
AESTHETIC,9865,CONTROL photographs,0.3347293128933984,0.9164260266009192,1.2967377526773878
AESTHETIC,42160,AESTHETIC photographs,0.3405871423635758,0.9187679526074408,1.2889839277036508
AESTHETIC,42160,CONTROL photographs,0.3176186232735091,0.9123554668825852,1.293876271802372
CONTROL,1254,AESTHETIC photographs,0.35441580077577617,0.9218236852861071,1.291364056190606
CONTROL,1254,CONTROL photographs,0.30747820755973415,0.9062972662305387,1.28947670850464
CONTROL,9865,AESTHETIC photographs,0.34284026743805346,0.9291997345360166,1.2969346486422948
CONTROL,9865,CONTROL photographs,0.29564423585538946,0.9146458511197658,1.2956811925279872
CONTROL,42160,AESTHETIC photographs,0.3933627311529683,0.9302145956250104,1.2974040263970152
CONTROL,42160,CONTROL photographs,0.34041468624853155,0.9108278360706535,1.2926770046646516
