section,quantity,reported,recomputed,difference,ci_low,ci_high,p,n,unit,reported_in,note
perimeters,phase 1 participants (all recorded ratings),166,166,0.0,,,,23012,,manuscript rev12,before the export filter
perimeters,phase 1 ratings (all recorded),23012,23012,0.0,,,,,,manuscript rev12,
perimeters,phase 1 participants after the export filter,164,164,0.0,,,,,,manuscript rev12,
perimeters,phase 1 ratings after the export filter,22712,22712,0.0,,,,,,manuscript rev12,
perimeters,phase 1 ratings removed by the filter,300,300,0.0,,,,,,manuscript rev12,"participants 2; reasons ['non finito', 'non finito']"
perimeters,phase 1 participants with >= 10 ratings (consensus agreement n),161,161,0.0,,,,,,manuscript rev12,
perimeters,phase 1 participants with >= 3 ratings in each frozen set (LOO n),159,159,0.0,,,,,,manuscript rev12,
perimeters,photographs rated by both architects and non-experts,599,599,0.0,,,,,,manuscript rev12,"architects cover 599, non-experts 600"
perimeters,photographs rated by both high (4-5) and low (1-2) expertise,600,600,0.0,,,,,,manuscript rev12,
perimeters,"phase 2 participants (ratings, included)",158,158,0.0,,,,,,manuscript rev12,
perimeters,phase 2 ratings (included),9413,9413,0.0,,,,,,manuscript rev12,
perimeters,phase 2 comparisons answered (included),4736,4736,0.0,,,,,,manuscript rev12,
perimeters,ties,726,726,0.0,,,,,,manuscript rev12,
perimeters,decisive choices,4010,4010,0.0,,,,,,manuscript rev12,
perimeters,ratings per image: min / max / mean,15-22 / 19.7,15-22 / 19.7,see text,,,,,,manuscript rev12,
perimeters,phase 2 participants linked to phase 1 by id,32,32,0.0,,,,,,manuscript rev12,
perimeters,unlinked: declared Yes / No / NotSure,16 / 99 / 11,16 / 99 / 11,see text,,,,,,manuscript rev12,"all values {'No': 99, 'Yes': 16, 'NotSure': 11}"
selection,photographs with n>=10 and mean>=5 on the complete phase-1 sample,89,89,0.0,,,,,,manuscript rev12,identical to frozen AESTHETIC: True
selection,rule with top 30%: cutoff mean / selected / equals frozen,89,4.650 / 89 / True,see text,,,,,,manuscript rev12,percentile cutoff below 5 → mean threshold binds
selection,rule with top 33%: cutoff mean / selected / equals frozen,89,4.603 / 89 / True,see text,,,,,,manuscript rev12,percentile cutoff below 5 → mean threshold binds
selection,rule with top 35%: cutoff mean / selected / equals frozen,89,4.562 / 89 / True,see text,,,,,,manuscript rev12,percentile cutoff below 5 → mean threshold binds
selection,rule with top 40%: cutoff mean / selected / equals frozen,89,4.492 / 89 / True,see text,,,,,,manuscript rev12,percentile cutoff below 5 → mean threshold binds
selection,share of the 600 selected by mean>=5 and n>=10,14.8%,14.8%,see text,,,,,,review (g),
ratings,AESTHETIC − CONTROL per participant (points),0.104,0.1037,-0.0003,0.0291,0.1782,0.00673,158,,manuscript rev12,one-sample t on participant mean differences; participants with >= 3 ratings in each condition
ratings,d_z,0.22,0.218,-0.002,0.061,0.376,,,,manuscript rev12,
ratings,BASE − CONTROL per participant,0.14,0.1401,0.0001,0.0684,0.2118,0.000167,158,,manuscript rev12,
ratings,AESTHETIC − BASE per participant,-0.036,-0.0364,-0.0004,-0.1075,0.0347,0.31325,158,,manuscript rev12,
ratings,AESTHETIC − CONTROL per triplet (participant-centred scores),0.105,0.1051,0.0001,0.0279,0.1822,0.00791,159,,manuscript rev12,
ratings,A−C in architects,0.102,0.1021,0.0001,-0.0133,0.2175,0.0817,54,,manuscript rev12,
ratings,A−C in non-experts,0.056,0.0565,0.0005,-0.0892,0.2022,0.4401,53,,manuscript rev12,
ratings,architects − non-experts difference (p),0.623,0.623,0.0,,,,,,manuscript rev12,difference +0.046
ratings,high − low expertise (p),0.717,0.717,0.0,,,,,,manuscript rev12,
ratings,linked − unlinked (No + NotSure) A−C,-0.116,-0.1163,-0.0003,-0.2891,0.0565,0.183,32+110,,manuscript rev12,Welch; the interval spans −0.29/+0.06: not a demonstration of equivalence (MDE for this comparison ≈ ±0.25 points)
pairs,"AESTHETIC chosen in decisive A–C comparisons (share, n)",51.3% of 1320,51.3% of 1320,see text,,,,,,manuscript rev12,
pairs,half-point share A vs C per participant,,0.5076,,0.4811,0.5342,0.57,158,,previous reply 8,t interval over participants; previous reply gave a participant bootstrap 48.69–53.52
pairs,Bradley–Terry OR A vs C (cluster participant),1.09,1.0899,-0.0001,0.9848,1.2062,0.0957,4010,,manuscript rev12,"logistic regression on 'left wins', intercept = position bias; ties excluded"
pairs,Bradley–Terry OR BASE vs C,1.133,1.1334,0.0004,1.0385,1.237,0.0053,,,manuscript rev12,
pairs,Bradley–Terry OR A vs BASE,0.962,0.9616,-0.0004,0.8742,1.0576,0.4176,,,manuscript rev12,
pairs,position bias OR (left),,0.9738,,0.8933,1.0615,0.5434,,,manuscript rev12,not in the manuscript
pairs,"Bradley–Terry OR A vs C, clustered by PROMPT (48 clusters)",,1.0899,,0.9503,1.2499,0.2127,,,manuscript rev12,sensitivity: inference about prompts rather than participants
pairs,Davidson OR A vs C (all 4736 answers incl. ties),1.0893,1.0894,0.0001,0.9849,1.2049,0.0955,4736,,"previous reply (Davidson, point estimate)","independent MLE (analytic gradient, BFGS, converged=True, logLik=-4803.889); interval here cluster-robust by participant with t(157); previous reply: participant bootstrap 0.989-1.204"
pairs,Davidson OR BASE vs C,1.133,1.1331,0.0001,1.0382,1.2368,0.0054,,,previous reply,
pairs,Davidson OR A vs BASE,0.9614,0.9614,0.0,,,,,,previous reply,derived from the two parameters (BASE reference)
pairs,Davidson tie parameter nu,0.3625,0.3625,0.0,,,,,,manuscript rev12,tie probability at parity nu/(2+nu) = 0.153; observed tie share 0.153
reliability,phase 2 ICC(1) single rating,0.239,0.239,0.0,,,,477,,manuscript rev12,one-way ANOVA on participant-centred scores; k0=19.73; ICC(k)=0.861
reliability,phase 2 ICC(k) image mean,0.861,0.861,0.0,,,,,,manuscript rev12,
reliability,"phase 1 ICC(1) (export filter, 164)",0.138,0.138,0.0,,,,600,,manuscript rev12,k0=37.83
reliability,phase 1 ICC(k) (export filter),0.858,0.858,0.0,,,,,,manuscript rev12,
reliability,mean correlation with the aggregate of the others,0.351,0.351,0.0,0.322,0.38,,161,,manuscript rev12,
reliability,leave-one-rater-out reselection signal (points),0.915,0.915,0.0,0.811,1.019,,159,,manuscript rev12,"inside each reselection: top set always 89 (164 of 164), CONTROL photographs entering the reselected top: mean 0.1 (removed from the comparison set). NOTE the reselection uses the top-89 by mean, not the frozen rule (n>=10, mean>=5)"
phase1,AESTHETIC photographs mean of means (complete sample),5.295,5.295,0.0,,,,,,manuscript rev12,
phase1,CONTROL photographs mean of means,4.211,4.211,0.0,,,,,,manuscript rev12,
phase1,mean within-photo SD AESTHETIC / CONTROL,1.444 / 1.556,1.444 / 1.556,see text,,,,,,manuscript rev12,
phase1,Spearman architects vs non-experts (photograph means),0.425,0.423,-0.002,,,,599,,manuscript rev12,export-filter sample
phase1,Spearman high vs low expertise,0.496,0.5,0.004,,,,600,,manuscript rev12,
phase1,role counts NonExpert/Architect/Student/Engineer/other,63/58/8/8/29,"{'NonExpert': 63, 'Architect': 58, 'Other': 29, 'ArchitectureStudent': 8, 'Engineer': 8}",see text,,,,,,manuscript rev12,
