code,name,dataset,base_model,base_revision,seed,steps,lr,rank,alpha,resolution,noise_offset,timestep_min,other_config,started,completed,status,artifact,weights_sha256_used_for_images,n_generated_images_in_export,evaluated_by_humans,worker_sha256,notes
RUN-AESTHETIC,RUN-AESTHETIC,AESTHETIC-v1,stabilityai/stable-diffusion-xl-base-1.0,462165984030,1254,1500,0.0001,16,16,1024,default(worker: 0.0357 for SDXL),0,{},2026-09-27T22:19:41.814Z,2026-09-27T22:42:57.482Z,Completed,job5-run-aesthetic_lora.safetensors,(no generated image in the export),0,False,1bf6933cbc55399b0ae7c716459f04d696d8e0d4281d07c6306b34ee8db8ad73;ea8418526d1541c81fdbef0a1a1c4a43c844a639fd9998a7ed8b03bc3ba865ac,
RUN-CONTROL,RUN-CONTROL,CONTROL-v1,stabilityai/stable-diffusion-xl-base-1.0,462165984030,9865,1500,0.0001,16,16,1024,default(worker: 0.0357 for SDXL),0,{},2026-09-27T22:19:54.103Z,2026-09-27T22:43:12.092Z,Completed,job6-run-control_lora.safetensors,(no generated image in the export),0,False,1bf6933cbc55399b0ae7c716459f04d696d8e0d4281d07c6306b34ee8db8ad73;ea8418526d1541c81fdbef0a1a1c4a43c844a639fd9998a7ed8b03bc3ba865ac,
TEST-AES-S500,test: fewer steps,AESTHETIC-v1,stabilityai/stable-diffusion-xl-base-1.0,462165984030,1254,500,0.0001,16,16,1024,default(worker: 0.0357 for SDXL),0,{},2026-09-28T00:18:07.866Z,2026-09-28T00:28:09.016Z,Completed,job8-test-aes-s500_lora.safetensors,(no generated image in the export),0,False,ea8418526d1541c81fdbef0a1a1c4a43c844a639fd9998a7ed8b03bc3ba865ac,green-cast investigation: 500 steps instead of 1500
TEST-AES-LR3E5,test: lower learning rate,AESTHETIC-v1,stabilityai/stable-diffusion-xl-base-1.0,462165984030,1254,1500,3e-05,16,16,1024,default(worker: 0.0357 for SDXL),0,"{'lr_scheduler': 'cosine', 'lr_warmup_steps': 100}",2026-09-28T00:30:22.592Z,2026-09-28T00:54:03.466Z,Completed,job10-test-aes-lr3e5_lora.safetensors,(no generated image in the export),0,False,ea8418526d1541c81fdbef0a1a1c4a43c844a639fd9998a7ed8b03bc3ba865ac,"green-cast investigation: lr 3e-5 cosine, warmup 100"
RUN-AESTHETIC-2,AESTHETIC-v2 (captions rewritten),AESTHETIC-v2,stabilityai/stable-diffusion-xl-base-1.0,462165984030,1254,1500,0.0001,16,16,1024,default(worker: 0.0357 for SDXL),0,{},2026-09-28T01:29:48.053Z,2026-09-28T01:53:36.995Z,Completed,job13-run-aesthetic-2_lora.safetensors,(no generated image in the export),0,False,159eaf5430ab8da50564a5bf1a0f97f1bd0369879aa515bcf33ef6ed7f8564d9,"Same settings as RUN-AESTHETIC; dataset AESTHETIC-v2 with captions describing vegetation, sky and light."
RUN-CONTROL-2,CONTROL-v2 (captions harmonised),CONTROL-v2,stabilityai/stable-diffusion-xl-base-1.0,462165984030,9865,1500,0.0001,16,16,1024,default(worker: 0.0357 for SDXL),0,{},2026-09-28T01:30:00.495Z,2026-09-28T01:53:03.256Z,Completed,job14-run-control-2_lora.safetensors,(no generated image in the export),0,False,159eaf5430ab8da50564a5bf1a0f97f1bd0369879aa515bcf33ef6ed7f8564d9,Same settings as RUN-CONTROL; dataset CONTROL-v2 with harmonised captions.
RUN-AESTHETIC-3,AESTHETIC-v2 + noise offset,AESTHETIC-v2,stabilityai/stable-diffusion-xl-base-1.0,462165984030,1254,1500,0.0001,16,16,1024,0.0357,0,{},2026-09-28T04:46:40.598Z,2026-09-28T05:09:44.977Z,Completed,job18-run-aesthetic-3_lora.safetensors,(no generated image in the export),0,False,266541cf200e590dd5a1d6fd68429c50858b0c48eb64172507220882f833b95f,"As RUN-AESTHETIC-2 plus SDXL noise offset 0.0357 (fixes washed-out, low-contrast LoRA output)."
RUN-CONTROL-3,CONTROL-v2 + noise offset,CONTROL-v2,stabilityai/stable-diffusion-xl-base-1.0,462165984030,9865,1500,0.0001,16,16,1024,0.0357,0,{},2026-09-28T04:46:52.436Z,2026-09-28T05:10:10.261Z,Completed,job19-run-control-3_lora.safetensors,(no generated image in the export),0,False,266541cf200e590dd5a1d6fd68429c50858b0c48eb64172507220882f833b95f,As RUN-CONTROL-2 plus SDXL noise offset 0.0357.
RUN-AESTHETIC-4,"AESTHETIC-v2 + noise offset, timesteps 250-1000",AESTHETIC-v2,stabilityai/stable-diffusion-xl-base-1.0,462165984030,1254,1500,0.0001,16,16,1024,0.0357,250,{},2026-09-28T05:55:49.175Z,2026-09-28T06:19:22.299Z,Completed,job22-run-aesthetic-4_lora.safetensors,082928a6933ee8856a6aee7624a141b5d4dafa04b2c0b6bf9964dd9ac765059e,192,True,266541cf200e590dd5a1d6fd68429c50858b0c48eb64172507220882f833b95f,"As RUN-AESTHETIC-3 but without the 250 least noisy timesteps: the LoRA no longer learns fine photographic texture (JPEG noise, lettering) and SDXL keeps its own detail rendering."
RUN-CONTROL-4,"CONTROL-v2 + noise offset, timesteps 250-1000",CONTROL-v2,stabilityai/stable-diffusion-xl-base-1.0,462165984030,9865,1500,0.0001,16,16,1024,0.0357,250,{},2026-09-28T05:56:01.349Z,2026-09-28T06:19:23.178Z,Completed,job23-run-control-4_lora.safetensors,da3ae5c4973e31137c0bac449955619b7a6c5935f17d4007c9b1afc3b5800fef,192,True,266541cf200e590dd5a1d6fd68429c50858b0c48eb64172507220882f833b95f,As RUN-CONTROL-3 with timesteps 250-1000.
RUN-AESTHETIC-RV,AESTHETIC-v2 on RealVisXL V5.0,AESTHETIC-v2,SG161222/RealVisXL_V5.0,ac93e0dda1f6,1254,1500,0.0001,16,16,1024,0.0357,250,{},2026-09-28T06:45:32.724Z,2026-09-28T07:08:47.312Z,Completed,job25-run-aesthetic-rv_lora.safetensors,(no generated image in the export),0,False,266541cf200e590dd5a1d6fd68429c50858b0c48eb64172507220882f833b95f,Photorealism test: same settings as RUN-AESTHETIC-4 on a photorealistic SDXL base (RealVisXL V5.0).
RUN-CONTROL-RV,CONTROL-v2 on RealVisXL V5.0,CONTROL-v2,SG161222/RealVisXL_V5.0,ac93e0dda1f6,9865,1500,0.0001,16,16,1024,0.0357,250,{},2026-09-28T06:45:45.110Z,2026-09-28T07:08:57.824Z,Completed,job26-run-control-rv_lora.safetensors,(no generated image in the export),0,False,266541cf200e590dd5a1d6fd68429c50858b0c48eb64172507220882f833b95f,Photorealism test: same settings as RUN-CONTROL-4 on RealVisXL V5.0.
