variable,category,A_n,C_n,A_share,C_share,difference_A_minus_C,C_type_style,C_type_only,C_random_fill
period,1919-1945,8,15,0.0898876404494382,0.16853932584269662,-0.07865168539325842,5,7,3
period,1946-1969,19,22,0.21348314606741572,0.24719101123595505,-0.033707865168539325,4,7,11
period,1970-1989,12,12,0.1348314606741573,0.1348314606741573,0.0,1,7,4
period,1990-2009,27,23,0.30337078651685395,0.25842696629213485,0.0449438202247191,6,14,3
period,2010-today,23,17,0.25842696629213485,0.19101123595505617,0.06741573033707865,4,6,7
continent,Africa,3,3,0.033707865168539325,0.033707865168539325,0.0,1,1,1
continent,Asia,16,12,0.1797752808988764,0.1348314606741573,0.0449438202247191,2,7,3
continent,Europe,28,38,0.3146067415730337,0.42696629213483145,-0.11235955056179775,7,16,15
continent,Japan,6,11,0.06741573033707865,0.12359550561797752,-0.056179775280898875,3,3,5
continent,Latin America,12,8,0.1348314606741573,0.0898876404494382,0.0449438202247191,2,4,2
continent,Middle East,6,3,0.06741573033707865,0.033707865168539325,0.033707865168539325,0,2,1
continent,North America,14,10,0.15730337078651685,0.11235955056179775,0.0449438202247191,5,5,0
continent,Oceania,4,4,0.0449438202247191,0.0449438202247191,0.0,0,3,1
country,Algeria,0,1,0.0,0.011235955056179775,-0.011235955056179775,0,1,0
country,Argentina,0,1,0.0,0.011235955056179775,-0.011235955056179775,0,0,1
country,Australia,3,4,0.033707865168539325,0.0449438202247191,-0.011235955056179775,0,3,1
country,Austria,0,1,0.0,0.011235955056179775,-0.011235955056179775,0,1,0
country,Azerbaijan,1,0,0.011235955056179775,0.0,0.011235955056179775,0,0,0
country,Bangladesh,0,1,0.0,0.011235955056179775,-0.011235955056179775,0,1,0
country,Brazil,6,3,0.06741573033707865,0.033707865168539325,0.033707865168539325,1,2,0
country,Canada,1,0,0.011235955056179775,0.0,0.011235955056179775,0,0,0
country,Chile,1,1,0.011235955056179775,0.011235955056179775,0.0,1,0,0
country,China,9,6,0.10112359550561797,0.06741573033707865,0.033707865168539325,0,4,2
country,Colombia,2,1,0.02247191011235955,0.011235955056179775,0.011235955056179775,0,1,0
country,Czech Republic,1,3,0.011235955056179775,0.033707865168539325,-0.02247191011235955,1,1,1
country,Denmark,0,5,0.0,0.056179775280898875,-0.056179775280898875,1,1,3
country,Egypt,1,0,0.011235955056179775,0.0,0.011235955056179775,0,0,0
country,Finland,1,0,0.011235955056179775,0.0,0.011235955056179775,0,0,0
country,France,3,2,0.033707865168539325,0.02247191011235955,0.011235955056179775,0,2,0
country,Georgia,1,0,0.011235955056179775,0.0,0.011235955056179775,0,0,0
country,Germany,4,6,0.0449438202247191,0.06741573033707865,-0.02247191011235955,1,3,2
country,India,1,0,0.011235955056179775,0.0,0.011235955056179775,0,0,0
country,Iran,0,1,0.0,0.011235955056179775,-0.011235955056179775,0,1,0
country,Ireland,1,0,0.011235955056179775,0.0,0.011235955056179775,0,0,0
country,Israel,0,1,0.0,0.011235955056179775,-0.011235955056179775,0,0,1
country,Italy,3,4,0.033707865168539325,0.0449438202247191,-0.011235955056179775,1,3,0
country,Japan,6,11,0.06741573033707865,0.12359550561797752,-0.056179775280898875,3,3,5
country,Latvia,1,0,0.011235955056179775,0.0,0.011235955056179775,0,0,0
country,Malaysia,0,1,0.0,0.011235955056179775,-0.011235955056179775,1,0,0
country,Mexico,2,2,0.02247191011235955,0.02247191011235955,0.0,0,1,1
country,Morocco,1,0,0.011235955056179775,0.0,0.011235955056179775,0,0,0
country,Netherlands,5,2,0.056179775280898875,0.02247191011235955,0.033707865168539325,1,0,1
country,New Zealand,1,0,0.011235955056179775,0.0,0.011235955056179775,0,0,0
country,Norway,2,0,0.02247191011235955,0.0,0.02247191011235955,0,0,0
country,Oman,1,0,0.011235955056179775,0.0,0.011235955056179775,0,0,0
country,Pakistan,1,0,0.011235955056179775,0.0,0.011235955056179775,0,0,0
country,Panama,1,0,0.011235955056179775,0.0,0.011235955056179775,0,0,0
country,Portugal,2,1,0.02247191011235955,0.011235955056179775,0.011235955056179775,1,0,0
country,Qatar,1,0,0.011235955056179775,0.0,0.011235955056179775,0,0,0
country,Russia,0,1,0.0,0.011235955056179775,-0.011235955056179775,0,1,0
country,Rwanda,0,1,0.0,0.011235955056179775,-0.011235955056179775,0,0,1
country,Saudi Arabia,1,0,0.011235955056179775,0.0,0.011235955056179775,0,0,0
country,Serbia,0,1,0.0,0.011235955056179775,-0.011235955056179775,0,0,1
country,Singapore,0,1,0.0,0.011235955056179775,-0.011235955056179775,0,1,0
country,South Africa,1,1,0.011235955056179775,0.011235955056179775,0.0,1,0,0
country,South Korea,0,1,0.0,0.011235955056179775,-0.011235955056179775,1,0,0
country,Spain,3,4,0.033707865168539325,0.0449438202247191,-0.011235955056179775,1,1,2
country,Sri Lanka,3,0,0.033707865168539325,0.0,0.033707865168539325,0,0,0
country,Sweden,0,1,0.0,0.011235955056179775,-0.011235955056179775,0,1,0
country,Switzerland,1,0,0.011235955056179775,0.0,0.011235955056179775,0,0,0
country,Taiwan,2,2,0.02247191011235955,0.02247191011235955,0.0,0,1,1
country,Turkey,1,0,0.011235955056179775,0.0,0.011235955056179775,0,0,0
country,United Arab Emirates,0,1,0.0,0.011235955056179775,-0.011235955056179775,0,1,0
country,United Kingdom,1,7,0.011235955056179775,0.07865168539325842,-0.06741573033707865,0,2,5
country,United States,13,10,0.14606741573033707,0.11235955056179775,0.033707865168539325,5,5,0
building_type,TV tower / infrastructure,3,3,0.033707865168539325,0.033707865168539325,0.0,1,2,0
building_type,airport terminal,3,0,0.033707865168539325,0.0,0.033707865168539325,0,0,0
building_type,art depot / public storage building,1,0,0.011235955056179775,0.0,0.011235955056179775,0,0,0
building_type,arts centre,0,1,0.0,0.011235955056179775,-0.011235955056179775,0,0,1
building_type,bank / office building,0,1,0.0,0.011235955056179775,-0.011235955056179775,0,0,1
building_type,bridge / infrastructure,4,4,0.0449438202247191,0.0449438202247191,0.0,0,4,0
building_type,broadcasting tower / infrastructure,0,1,0.0,0.011235955056179775,-0.011235955056179775,0,0,1
building_type,cable-stayed bridge / infrastructure,1,0,0.011235955056179775,0.0,0.011235955056179775,0,0,0
building_type,chapel,1,1,0.011235955056179775,0.011235955056179775,0.0,0,1,0
building_type,church,2,2,0.02247191011235955,0.02247191011235955,0.0,1,1,0
building_type,civic centre,1,0,0.011235955056179775,0.0,0.011235955056179775,0,0,0
building_type,civic centre / offices,1,0,0.011235955056179775,0.0,0.011235955056179775,0,0,0
building_type,collective housing,2,4,0.02247191011235955,0.0449438202247191,-0.02247191011235955,1,1,2
building_type,collective housing and arts centre,0,1,0.0,0.011235955056179775,-0.011235955056179775,0,0,1
building_type,concert hall,1,2,0.011235955056179775,0.02247191011235955,-0.011235955056179775,1,0,1
building_type,congress centre,1,1,0.011235955056179775,0.011235955056179775,0.0,1,0,0
building_type,corporate headquarters and production facility,0,1,0.0,0.011235955056179775,-0.011235955056179775,0,0,1
building_type,corporate workplace / conservatory,1,0,0.011235955056179775,0.0,0.011235955056179775,0,0,0
building_type,cultural centre,2,2,0.02247191011235955,0.02247191011235955,0.0,1,1,0
building_type,cultural centre / experience house,0,1,0.0,0.011235955056179775,-0.011235955056179775,0,0,1
building_type,cultural centre / hotel,0,1,0.0,0.011235955056179775,-0.011235955056179775,0,0,1
building_type,distribution centre / warehouse,0,1,0.0,0.011235955056179775,-0.011235955056179775,0,0,1
building_type,factory,0,1,0.0,0.011235955056179775,-0.011235955056179775,0,0,1
building_type,factory complex (now art district),0,1,0.0,0.011235955056179775,-0.011235955056179775,0,0,1
building_type,hospital,0,1,0.0,0.011235955056179775,-0.011235955056179775,0,0,1
building_type,hotel,1,3,0.011235955056179775,0.033707865168539325,-0.02247191011235955,0,1,2
building_type,hotel / casino tower,1,0,0.011235955056179775,0.0,0.011235955056179775,0,0,0
building_type,hotel and TV transmitter,0,1,0.0,0.011235955056179775,-0.011235955056179775,0,0,1
building_type,house of worship,1,0,0.011235955056179775,0.0,0.011235955056179775,0,0,0
building_type,housing and retail,0,1,0.0,0.011235955056179775,-0.011235955056179775,0,0,1
building_type,library,2,3,0.02247191011235955,0.033707865168539325,-0.011235955056179775,1,1,1
building_type,mausoleum,1,1,0.011235955056179775,0.011235955056179775,0.0,0,1,0
building_type,memorial hall / cultural centre,1,0,0.011235955056179775,0.0,0.011235955056179775,0,0,0
building_type,mixed-use complex,0,1,0.0,0.011235955056179775,-0.011235955056179775,0,0,1
building_type,mosque,3,2,0.033707865168539325,0.02247191011235955,0.011235955056179775,1,1,0
building_type,museum,10,11,0.11235955056179775,0.12359550561797752,-0.011235955056179775,4,6,1
building_type,museum (restoration),1,0,0.011235955056179775,0.0,0.011235955056179775,0,0,0
building_type,museum / cinema,1,0,0.011235955056179775,0.0,0.011235955056179775,0,0,0
building_type,museum entrance,1,0,0.011235955056179775,0.0,0.011235955056179775,0,0,0
building_type,museum entrance building,0,1,0.0,0.011235955056179775,-0.011235955056179775,0,0,1
building_type,office building,6,6,0.06741573033707865,0.06741573033707865,0.0,3,3,0
building_type,office building / corporate headquarters,1,1,0.011235955056179775,0.011235955056179775,0.0,0,1,0
building_type,office building / monument,1,0,0.011235955056179775,0.0,0.011235955056179775,0,0,0
building_type,office tower,2,2,0.02247191011235955,0.02247191011235955,0.0,0,2,0
building_type,opera house,3,1,0.033707865168539325,0.011235955056179775,0.02247191011235955,0,1,0
building_type,opera house / theatre,2,1,0.02247191011235955,0.011235955056179775,0.011235955056179775,0,1,0
building_type,parliament,3,3,0.033707865168539325,0.033707865168539325,0.0,0,3,0
building_type,pavilion,1,1,0.011235955056179775,0.011235955056179775,0.0,0,1,0
building_type,pavilion / botanical garden,1,0,0.011235955056179775,0.0,0.011235955056179775,0,0,0
building_type,pedestrian bridge / infrastructure,1,0,0.011235955056179775,0.0,0.011235955056179775,0,0,0
building_type,power station,0,1,0.0,0.011235955056179775,-0.011235955056179775,0,0,1
building_type,presidential residence,1,0,0.011235955056179775,0.0,0.011235955056179775,0,0,0
building_type,public building,1,1,0.011235955056179775,0.011235955056179775,0.0,0,1,0
building_type,public canopy / market,1,0,0.011235955056179775,0.0,0.011235955056179775,0,0,0
building_type,railway station,1,1,0.011235955056179775,0.011235955056179775,0.0,0,1,0
building_type,restaurant / shell structure,1,0,0.011235955056179775,0.0,0.011235955056179775,0,0,0
building_type,retail flagship,1,0,0.011235955056179775,0.0,0.011235955056179775,0,0,0
building_type,school / university,1,1,0.011235955056179775,0.011235955056179775,0.0,0,1,0
building_type,school tower,1,0,0.011235955056179775,0.0,0.011235955056179775,0,0,0
building_type,showroom / event building,1,0,0.011235955056179775,0.0,0.011235955056179775,0,0,0
building_type,single-family house,7,7,0.07865168539325842,0.07865168539325842,0.0,4,3,0
building_type,sports arena,0,1,0.0,0.011235955056179775,-0.011235955056179775,0,0,1
building_type,stadium,2,2,0.02247191011235955,0.02247191011235955,0.0,1,1,0
building_type,temple pavilion,1,0,0.011235955056179775,0.0,0.011235955056179775,0,0,0
building_type,theatre,0,1,0.0,0.011235955056179775,-0.011235955056179775,0,0,1
building_type,theatre / concert hall,1,1,0.011235955056179775,0.011235955056179775,0.0,0,1,0
building_type,university building,1,2,0.011235955056179775,0.02247191011235955,-0.011235955056179775,0,1,1
building_type,waste incineration plant,0,1,0.0,0.011235955056179775,-0.011235955056179775,0,0,1
building_type,waste-to-energy plant with ski slope,0,1,0.0,0.011235955056179775,-0.011235955056179775,0,0,1
style,Art Deco,1,3,0.011235955056179775,0.033707865168539325,-0.02247191011235955,1,1,1
style,Bauhaus,1,1,0.011235955056179775,0.011235955056179775,0.0,0,1,0
style,Bioclimatic contemporary,1,0,0.011235955056179775,0.0,0.011235955056179775,0,0,0
style,Brazilian modernism,3,1,0.033707865168539325,0.011235955056179775,0.02247191011235955,1,0,0
style,Brutalism,0,3,0.0,0.033707865168539325,-0.033707865168539325,0,0,3
style,Brutalism / sculptural,0,1,0.0,0.011235955056179775,-0.011235955056179775,0,1,0
style,Contemporary,15,15,0.16853932584269662,0.16853932584269662,0.0,7,3,5
style,Contemporary / Islamic geometric,1,0,0.011235955056179775,0.0,0.011235955056179775,0,0,0
style,Contemporary / parametric,1,0,0.011235955056179775,0.0,0.011235955056179775,0,0,0
style,Contemporary / parametric veil,0,1,0.0,0.011235955056179775,-0.011235955056179775,0,1,0
style,Contemporary / social architecture,0,1,0.0,0.011235955056179775,-0.011235955056179775,0,1,0
style,Contemporary / structural expressionism,0,1,0.0,0.011235955056179775,-0.011235955056179775,0,1,0
style,Contemporary / sustainable,0,1,0.0,0.011235955056179775,-0.011235955056179775,0,1,0
style,Contemporary / timber,3,2,0.033707865168539325,0.02247191011235955,0.011235955056179775,1,1,0
style,Contemporary Islamic,1,0,0.011235955056179775,0.0,0.011235955056179775,0,0,0
style,Contemporary classicism,0,1,0.0,0.011235955056179775,-0.011235955056179775,0,0,1
style,Contemporary industrial,0,1,0.0,0.011235955056179775,-0.011235955056179775,0,0,1
style,Contemporary sculptural,1,0,0.011235955056179775,0.0,0.011235955056179775,0,0,0
style,Contemporary structural,1,0,0.011235955056179775,0.0,0.011235955056179775,0,0,0
style,Contemporary timber,1,0,0.011235955056179775,0.0,0.011235955056179775,0,0,0
style,Critical regionalism / recycled materials,0,1,0.0,0.011235955056179775,-0.011235955056179775,0,1,0
style,Danish modernism,0,1,0.0,0.011235955056179775,-0.011235955056179775,0,0,1
style,Deconstructivism,6,3,0.06741573033707865,0.033707865168539325,0.033707865168539325,2,1,0
style,Deconstructivism / organic,0,1,0.0,0.011235955056179775,-0.011235955056179775,0,1,0
style,Digital / topological architecture,0,1,0.0,0.011235955056179775,-0.011235955056179775,0,1,0
style,Eclectic modernism,1,0,0.011235955056179775,0.0,0.011235955056179775,0,0,0
style,Expressionist / decorative,0,1,0.0,0.011235955056179775,-0.011235955056179775,0,0,1
style,Expressionist modernism,3,0,0.033707865168539325,0.0,0.033707865168539325,0,0,0
style,Functionalism,0,1,0.0,0.011235955056179775,-0.011235955056179775,0,1,0
style,Futurism,1,0,0.011235955056179775,0.0,0.011235955056179775,0,0,0
style,Green architecture,1,0,0.011235955056179775,0.0,0.011235955056179775,0,0,0
style,High-tech,1,3,0.011235955056179775,0.033707865168539325,-0.02247191011235955,0,0,3
style,High-tech structural,3,0,0.033707865168539325,0.0,0.033707865168539325,0,0,0
style,Industrial Bauhaus-derived,0,1,0.0,0.011235955056179775,-0.011235955056179775,0,0,1
style,International Style,4,5,0.0449438202247191,0.056179775280898875,-0.011235955056179775,3,2,0
style,International Style industrial,0,1,0.0,0.011235955056179775,-0.011235955056179775,0,0,1
style,Italian Rationalism,0,1,0.0,0.011235955056179775,-0.011235955056179775,0,1,0
style,Italian Rationalism / monumental,1,0,0.011235955056179775,0.0,0.011235955056179775,0,0,0
style,Japanese modernism,0,2,0.0,0.02247191011235955,-0.02247191011235955,0,0,2
style,Late modernism,2,1,0.02247191011235955,0.011235955056179775,0.011235955056179775,0,1,0
style,Late modernism / structural,0,1,0.0,0.011235955056179775,-0.011235955056179775,0,0,1
style,Late modernism / white modernism,0,1,0.0,0.011235955056179775,-0.011235955056179775,0,1,0
style,Metabolism,0,1,0.0,0.011235955056179775,-0.011235955056179775,0,0,1
style,Mexican modernism,0,1,0.0,0.011235955056179775,-0.011235955056179775,0,0,1
style,Mid-century modern,1,0,0.011235955056179775,0.0,0.011235955056179775,0,0,0
style,Mid-century modern (Case Study House),1,1,0.011235955056179775,0.011235955056179775,0.0,1,0,0
style,Minimalism,0,2,0.0,0.02247191011235955,-0.02247191011235955,0,2,0
style,Minimalism / critical regionalism,0,1,0.0,0.011235955056179775,-0.011235955056179775,0,1,0
style,Modern Movement,3,3,0.033707865168539325,0.033707865168539325,0.0,2,1,0
style,Modernism,4,4,0.0449438202247191,0.0449438202247191,0.0,2,2,0
style,Modernism with Chinese forms,1,0,0.011235955056179775,0.0,0.011235955056179775,0,0,0
style,Modernism with Persian references,0,1,0.0,0.011235955056179775,-0.011235955056179775,0,1,0
style,Monumental modernism,0,1,0.0,0.011235955056179775,-0.011235955056179775,0,1,0
style,Moroccan contemporary,1,0,0.011235955056179775,0.0,0.011235955056179775,0,0,0
style,Nieuwe Bouwen / functionalism,0,1,0.0,0.011235955056179775,-0.011235955056179775,0,0,1
style,Organic / expressionist,1,0,0.011235955056179775,0.0,0.011235955056179775,0,0,0
style,Organic architecture,3,0,0.033707865168539325,0.0,0.033707865168539325,0,0,0
style,Organic brutalism,0,1,0.0,0.011235955056179775,-0.011235955056179775,0,0,1
style,Parametric / organic,2,0,0.02247191011235955,0.0,0.02247191011235955,0,0,0
style,Parametric / sculptural,1,0,0.011235955056179775,0.0,0.011235955056179775,0,0,0
style,Parametric / timber,1,0,0.011235955056179775,0.0,0.011235955056179775,0,0,0
style,Parametricism,2,0,0.02247191011235955,0.0,0.02247191011235955,0,0,0
style,Paulista Brutalism,0,1,0.0,0.011235955056179775,-0.011235955056179775,0,1,0
style,Phenomenological modernism,0,1,0.0,0.011235955056179775,-0.011235955056179775,0,1,0
style,Postmodern with Chinese forms,1,0,0.011235955056179775,0.0,0.011235955056179775,0,0,0
style,Postmodernism,0,1,0.0,0.011235955056179775,-0.011235955056179775,0,1,0
style,Postwar Italian modernism,1,0,0.011235955056179775,0.0,0.011235955056179775,0,0,0
style,Postwar modernism / proto-high-tech,0,1,0.0,0.011235955056179775,-0.011235955056179775,0,0,1
style,Rationalism,1,0,0.011235955056179775,0.0,0.011235955056179775,0,0,0
style,Second National Architectural Movement,1,0,0.011235955056179775,0.0,0.011235955056179775,0,0,0
style,Socialist classicism,0,1,0.0,0.011235955056179775,-0.011235955056179775,0,1,0
style,Soviet structural modernism,0,1,0.0,0.011235955056179775,-0.011235955056179775,0,1,0
style,Structural engineering,1,4,0.011235955056179775,0.0449438202247191,-0.033707865168539325,0,4,0
style,Structural expressionism,3,1,0.033707865168539325,0.011235955056179775,0.02247191011235955,0,1,0
style,Structural expressionism / digital,1,0,0.011235955056179775,0.0,0.011235955056179775,0,0,0
style,Structural expressionism / sustainable,1,0,0.011235955056179775,0.0,0.011235955056179775,0,0,0
style,Structural modernism,1,1,0.011235955056179775,0.011235955056179775,0.0,0,1,0
style,Structural steel,0,1,0.0,0.011235955056179775,-0.011235955056179775,0,0,1
style,Structuralism / experimental housing,1,0,0.011235955056179775,0.0,0.011235955056179775,0,0,0
style,Sustainable architecture (Living Building),0,1,0.0,0.011235955056179775,-0.011235955056179775,0,1,0
style,Tropical modernism,2,0,0.02247191011235955,0.0,0.02247191011235955,0,0,0
style,Tropical modernism / sustainable,1,0,0.011235955056179775,0.0,0.011235955056179775,0,0,0
style,Yugoslav modernism,0,1,0.0,0.011235955056179775,-0.011235955056179775,0,0,1
