C_image_code,stratum,A_candidate_count,A_candidates,original_pair_id_available
ARCH_0420,type_and_style,1,ARCH_0382,False
ARCH_0046,type_and_style,1,ARCH_0147,False
ARCH_0524,type_and_style,1,ARCH_0585,False
ARCH_0167,type_and_style,1,ARCH_0171,False
ARCH_0584,type_and_style,1,ARCH_0546,False
ARCH_0547,type_and_style,1,ARCH_0581,False
ARCH_0552,type_and_style,1,ARCH_0570,False
ARCH_0403,type_and_style,1,ARCH_0460,False
ARCH_0486,type_and_style,1,ARCH_0582,False
ARCH_0258,type_and_style,1,ARCH_0285,False
ARCH_0172,type_and_style,1,ARCH_0565,False
ARCH_0085,type_and_style,1,ARCH_0089,False
ARCH_0309,type_and_style,1,ARCH_0040,False
ARCH_0199,type_and_style,1,ARCH_0542,False
ARCH_0319,type_and_style,1,ARCH_0057,False
ARCH_0041,type_and_style,2,ARCH_0097;ARCH_0056,False
ARCH_0060,type_and_style,2,ARCH_0097;ARCH_0056,False
ARCH_0061,type_and_style,1,ARCH_0379,False
ARCH_0012,type_and_style,1,ARCH_0075,False
ARCH_0540,type_and_style,1,ARCH_0230,False
ARCH_0117,type_only,3,ARCH_0476;ARCH_0382;ARCH_0545,False
ARCH_0409,type_only,3,ARCH_0476;ARCH_0382;ARCH_0545,False
ARCH_0052,type_only,4,ARCH_0483;ARCH_0018;ARCH_0503;ARCH_0192,False
ARCH_0501,type_only,4,ARCH_0483;ARCH_0018;ARCH_0503;ARCH_0192,False
ARCH_0487,type_only,4,ARCH_0483;ARCH_0018;ARCH_0503;ARCH_0192,False
ARCH_0489,type_only,4,ARCH_0483;ARCH_0018;ARCH_0503;ARCH_0192,False
ARCH_0484,type_only,1,ARCH_0145,False
ARCH_0135,type_only,2,ARCH_0147;ARCH_0088,False
ARCH_0140,type_only,2,ARCH_0585;ARCH_0452,False
ARCH_0428,type_only,2,ARCH_0246;ARCH_0581,False
ARCH_0227,type_only,1,ARCH_0224,False
ARCH_0231,type_only,2,ARCH_0570;ARCH_0295,False
ARCH_0359,type_only,1,ARCH_0354,False
ARCH_0595,type_only,3,ARCH_0507;ARCH_0472;ARCH_0460,False
ARCH_0480,type_only,10,ARCH_0225;ARCH_0062;ARCH_0463;ARCH_0250;ARCH_0288;ARCH_0582;ARCH_0089;ARCH_0289;ARCH_0285;ARCH_0565,False
ARCH_0574,type_only,10,ARCH_0225;ARCH_0062;ARCH_0463;ARCH_0250;ARCH_0288;ARCH_0582;ARCH_0089;ARCH_0289;ARCH_0285;ARCH_0565,False
ARCH_0234,type_only,10,ARCH_0225;ARCH_0062;ARCH_0463;ARCH_0250;ARCH_0288;ARCH_0582;ARCH_0089;ARCH_0289;ARCH_0285;ARCH_0565,False
ARCH_0448,type_only,10,ARCH_0225;ARCH_0062;ARCH_0463;ARCH_0250;ARCH_0288;ARCH_0582;ARCH_0089;ARCH_0289;ARCH_0285;ARCH_0565,False
ARCH_0142,type_only,10,ARCH_0225;ARCH_0062;ARCH_0463;ARCH_0250;ARCH_0288;ARCH_0582;ARCH_0089;ARCH_0289;ARCH_0285;ARCH_0565,False
ARCH_0212,type_only,10,ARCH_0225;ARCH_0062;ARCH_0463;ARCH_0250;ARCH_0288;ARCH_0582;ARCH_0089;ARCH_0289;ARCH_0285;ARCH_0565,False
ARCH_0337,type_only,1,ARCH_0381,False
ARCH_0100,type_only,6,ARCH_0543;ARCH_0471;ARCH_0482;ARCH_0057;ARCH_0542;ARCH_0040,False
ARCH_0081,type_only,6,ARCH_0543;ARCH_0471;ARCH_0482;ARCH_0057;ARCH_0542;ARCH_0040,False
ARCH_0293,type_only,6,ARCH_0543;ARCH_0471;ARCH_0482;ARCH_0057;ARCH_0542;ARCH_0040,False
ARCH_0538,type_only,2,ARCH_0414;ARCH_0518,False
ARCH_0368,type_only,2,ARCH_0414;ARCH_0518,False
ARCH_0253,type_only,2,ARCH_0118;ARCH_0213,False
ARCH_0522,type_only,3,ARCH_0249;ARCH_0198;ARCH_0247,False
ARCH_0374,type_only,3,ARCH_0332;ARCH_0072;ARCH_0156,False
ARCH_0202,type_only,3,ARCH_0332;ARCH_0072;ARCH_0156,False
ARCH_0121,type_only,3,ARCH_0332;ARCH_0072;ARCH_0156,False
ARCH_0280,type_only,1,ARCH_0014,False
ARCH_0027,type_only,1,ARCH_0345,False
ARCH_0322,type_only,1,ARCH_0571,False
ARCH_0189,type_only,1,ARCH_0003,False
ARCH_0304,type_only,7,ARCH_0038;ARCH_0338;ARCH_0097;ARCH_0056;ARCH_0350;ARCH_0075;ARCH_0379,False
ARCH_0153,type_only,7,ARCH_0038;ARCH_0338;ARCH_0097;ARCH_0056;ARCH_0350;ARCH_0075;ARCH_0379,False
ARCH_0306,type_only,7,ARCH_0038;ARCH_0338;ARCH_0097;ARCH_0056;ARCH_0350;ARCH_0075;ARCH_0379,False
ARCH_0029,type_only,2,ARCH_0230;ARCH_0176,False
ARCH_0223,type_only,1,ARCH_0557,False
ARCH_0287,type_only,1,ARCH_0274,False
ARCH_0588,random_fill,,,False
ARCH_0360,random_fill,,,False
ARCH_0264,random_fill,,,False
ARCH_0245,random_fill,,,False
ARCH_0589,random_fill,,,False
ARCH_0020,random_fill,,,False
ARCH_0504,random_fill,,,False
ARCH_0238,random_fill,,,False
ARCH_0342,random_fill,,,False
ARCH_0125,random_fill,,,False
ARCH_0137,random_fill,,,False
ARCH_0371,random_fill,,,False
ARCH_0559,random_fill,,,False
ARCH_0129,random_fill,,,False
ARCH_0397,random_fill,,,False
ARCH_0078,random_fill,,,False
ARCH_0499,random_fill,,,False
ARCH_0109,random_fill,,,False
ARCH_0358,random_fill,,,False
ARCH_0365,random_fill,,,False
ARCH_0113,random_fill,,,False
ARCH_0116,random_fill,,,False
ARCH_0048,random_fill,,,False
ARCH_0422,random_fill,,,False
ARCH_0551,random_fill,,,False
ARCH_0083,random_fill,,,False
ARCH_0193,random_fill,,,False
ARCH_0369,random_fill,,,False
