feature,corpus,present_v1,present_v2,added_0_to_1,removed_1_to_0,unchanged_present,unchanged_absent
brightness,AESTHETIC,1,4,4,1,0,84
brightness,CONTROL,7,1,0,6,1,82
contrast,AESTHETIC,0,0,0,0,0,89
contrast,CONTROL,0,0,0,0,0,89
saturation,AESTHETIC,0,0,0,0,0,89
saturation,CONTROL,0,0,0,0,0,89
colorfulness,AESTHETIC,0,1,1,0,0,88
colorfulness,CONTROL,2,2,0,0,2,87
warmth,AESTHETIC,2,2,2,2,0,85
warmth,CONTROL,1,0,0,1,0,88
sharpness,AESTHETIC,0,2,2,0,0,87
sharpness,CONTROL,0,0,0,0,0,89
detail,AESTHETIC,0,0,0,0,0,89
detail,CONTROL,0,0,0,0,0,89
interior,AESTHETIC,1,1,0,0,1,88
interior,CONTROL,0,0,0,0,0,89
cars,AESTHETIC,0,6,6,0,0,83
cars,CONTROL,7,8,1,0,7,81
low_angle,AESTHETIC,15,20,6,1,14,68
low_angle,CONTROL,12,12,0,0,12,77
urban,AESTHETIC,50,14,3,39,11,36
urban,CONTROL,15,12,0,3,12,74
vintage_photo,AESTHETIC,0,0,0,0,0,89
vintage_photo,CONTROL,0,1,1,0,0,88
people,AESTHETIC,2,15,13,0,2,74
people,CONTROL,8,9,1,0,8,80
greenery,AESTHETIC,19,55,37,1,18,33
greenery,CONTROL,54,55,1,0,54,34
real_photo,AESTHETIC,89,89,0,0,89,0
real_photo,CONTROL,89,89,0,0,89,0
water,AESTHETIC,17,28,11,0,17,61
water,CONTROL,10,10,0,0,10,79
whole_building,AESTHETIC,0,0,0,0,0,89
whole_building,CONTROL,0,0,0,0,0,89
sunny,AESTHETIC,0,1,1,0,0,88
sunny,CONTROL,1,1,0,0,1,88
curved_organic,AESTHETIC,29,37,13,5,24,47
curved_organic,CONTROL,26,27,1,0,26,62
concrete,AESTHETIC,31,17,2,16,15,56
concrete,CONTROL,27,27,1,1,26,61
iconic_design,AESTHETIC,0,0,0,0,0,89
iconic_design,CONTROL,0,0,0,0,0,89
contemporary,AESTHETIC,10,0,0,10,0,79
contemporary,CONTROL,3,0,0,3,0,86
monumental,AESTHETIC,2,0,0,2,0,87
monumental,CONTROL,2,1,0,1,1,87
glass,AESTHETIC,47,44,6,9,38,36
glass,CONTROL,38,38,1,1,37,50
complex_form,AESTHETIC,12,6,2,8,4,75
complex_form,CONTROL,7,7,1,1,6,81
colourful,AESTHETIC,0,1,1,0,0,88
colourful,CONTROL,2,2,0,0,2,87
wood,AESTHETIC,8,8,0,0,8,81
wood,CONTROL,4,4,0,0,4,85
white,AESTHETIC,15,46,32,1,14,42
white,CONTROL,29,41,12,0,29,48
