,inclusion_probability_eligible_convention,inclusion_probability_all_active_convention,in_frozen_AESTHETIC,in_CONTROL
ARCH_0001,0.0,0.0,False,False
ARCH_0002,0.0,0.0,False,False
ARCH_0003,0.6573333333333333,0.6546666666666666,True,False
ARCH_0004,0.0,0.0,False,False
ARCH_0005,0.0013333333333333333,0.004333333333333333,False,False
ARCH_0006,0.22133333333333333,0.22133333333333333,False,False
ARCH_0007,0.233,0.23466666666666666,False,False
ARCH_0008,0.0,0.0,False,False
ARCH_0009,0.0,0.0,False,False
ARCH_0010,0.0,0.0,False,False
ARCH_0011,0.0,0.0,False,False
ARCH_0012,0.10333333333333333,0.108,False,True
ARCH_0013,0.0,0.0,False,False
ARCH_0014,0.9946666666666667,0.9963333333333333,True,False
ARCH_0015,0.0,0.0,False,False
ARCH_0016,0.0,0.0,False,False
ARCH_0017,0.0,0.0,False,False
ARCH_0018,0.8516666666666667,0.8483333333333334,True,False
ARCH_0019,0.08733333333333333,0.08533333333333333,False,False
ARCH_0020,0.0,0.0003333333333333333,False,True
ARCH_0021,0.179,0.17333333333333334,False,False
ARCH_0022,0.0003333333333333333,0.003,False,False
ARCH_0023,0.0,0.0,False,False
ARCH_0024,0.0,0.0,False,False
ARCH_0025,0.0,0.0,False,False
ARCH_0026,0.0,0.0,False,False
ARCH_0027,0.0013333333333333333,0.0013333333333333333,False,True
ARCH_0028,0.0,0.0,False,False
ARCH_0029,0.0,0.0,False,True
ARCH_0030,0.0026666666666666666,0.001,False,False
ARCH_0031,0.0,0.0,False,False
ARCH_0032,0.0,0.0003333333333333333,False,False
ARCH_0033,0.0006666666666666666,0.0006666666666666666,False,False
ARCH_0034,0.0,0.0,False,False
ARCH_0035,0.0,0.0,False,False
ARCH_0036,0.0,0.0,False,False
ARCH_0037,0.0,0.0,False,False
ARCH_0038,1.0,1.0,True,False
ARCH_0039,0.0,0.0,False,False
ARCH_0040,0.5983333333333334,0.5813333333333334,True,False
ARCH_0041,0.06533333333333333,0.061,False,True
ARCH_0042,0.0,0.0,False,False
ARCH_0043,0.16533333333333333,0.153,False,False
ARCH_0044,0.0,0.0,False,False
ARCH_0045,0.0006666666666666666,0.0013333333333333333,False,False
ARCH_0046,0.0,0.0,False,True
ARCH_0047,0.0,0.0,False,False
ARCH_0048,0.0026666666666666666,0.001,False,True
ARCH_0049,0.0,0.0,False,False
ARCH_0050,0.0,0.0,False,False
ARCH_0051,0.0,0.0,False,False
ARCH_0052,0.217,0.219,False,True
ARCH_0053,0.001,0.0006666666666666666,False,False
ARCH_0054,0.013,0.011333333333333334,False,False
ARCH_0055,0.0016666666666666668,0.002,False,False
ARCH_0056,0.8203333333333334,0.8076666666666666,True,False
ARCH_0057,0.8213333333333334,0.828,True,False
ARCH_0058,0.144,0.13833333333333334,False,False
ARCH_0059,0.122,0.09966666666666667,False,False
ARCH_0060,0.0003333333333333333,0.0026666666666666666,False,True
ARCH_0061,0.398,0.38066666666666665,False,True
ARCH_0062,0.997,0.9993333333333333,True,False
ARCH_0063,0.978,0.9763333333333334,True,False
ARCH_0064,0.0,0.0,False,False
ARCH_0065,0.004666666666666667,0.004333333333333333,False,False
ARCH_0066,0.0,0.0,False,False
ARCH_0067,0.0,0.0,False,False
ARCH_0068,0.4666666666666667,0.47333333333333333,False,False
ARCH_0069,0.015,0.010666666666666666,False,False
ARCH_0070,0.048,0.04666666666666667,False,False
ARCH_0071,0.006,0.006,False,False
ARCH_0072,0.7663333333333333,0.768,True,False
ARCH_0073,0.10966666666666666,0.11033333333333334,False,False
ARCH_0074,0.005333333333333333,0.004666666666666667,False,False
ARCH_0075,0.7456666666666667,0.7606666666666667,True,False
ARCH_0076,0.006333333333333333,0.006666666666666667,False,False
ARCH_0077,0.0,0.0,False,False
ARCH_0078,0.0,0.0,False,True
ARCH_0079,0.0,0.0,False,False
ARCH_0080,0.6243333333333333,0.6183333333333333,True,False
ARCH_0081,0.499,0.4846666666666667,False,True
ARCH_0082,0.0,0.0,False,False
ARCH_0083,0.0,0.0,False,True
ARCH_0084,0.0,0.0,False,False
ARCH_0085,0.202,0.19166666666666668,False,True
ARCH_0086,0.0,0.0,False,False
ARCH_0087,0.48433333333333334,0.47933333333333333,False,False
ARCH_0088,0.5843333333333334,0.58,True,False
ARCH_0089,0.8786666666666667,0.8913333333333333,True,False
ARCH_0090,0.0003333333333333333,0.0003333333333333333,False,False
ARCH_0091,0.0,0.0,False,False
ARCH_0092,0.0,0.0003333333333333333,False,False
ARCH_0093,0.0,0.0,False,False
ARCH_0094,0.0026666666666666666,0.002,False,False
ARCH_0095,0.0,0.0,False,False
ARCH_0096,0.0,0.0,False,False
ARCH_0097,0.985,0.9873333333333333,True,False
ARCH_0098,0.04033333333333333,0.038,False,False
ARCH_0099,0.0,0.0,False,False
ARCH_0100,0.0,0.0,False,True
ARCH_0101,0.0,0.0,False,False
ARCH_0102,0.0,0.0,False,False
ARCH_0103,0.0,0.0,False,False
ARCH_0104,0.894,0.9003333333333333,True,False
ARCH_0105,0.0,0.0,False,False
ARCH_0106,0.020666666666666667,0.023666666666666666,False,False
ARCH_0107,0.4013333333333333,0.4096666666666667,False,False
ARCH_0108,0.0003333333333333333,0.0,False,False
ARCH_0109,0.0,0.0,False,True
ARCH_0110,0.0,0.0,False,False
ARCH_0111,0.213,0.22633333333333333,False,False
ARCH_0112,0.18666666666666668,0.18333333333333332,False,False
ARCH_0113,0.0,0.0003333333333333333,False,True
ARCH_0114,0.0026666666666666666,0.002,False,False
ARCH_0115,0.076,0.082,False,False
ARCH_0116,0.126,0.13866666666666666,False,True
ARCH_0117,0.0,0.0,False,True
ARCH_0118,1.0,1.0,True,False
ARCH_0119,0.0,0.001,False,False
ARCH_0120,0.0,0.0,False,False
ARCH_0121,0.017333333333333333,0.014,False,True
ARCH_0122,0.0,0.0,False,False
ARCH_0123,0.0036666666666666666,0.0023333333333333335,False,False
ARCH_0124,0.0003333333333333333,0.0006666666666666666,False,False
ARCH_0125,0.0,0.0,False,True
ARCH_0126,0.0,0.0,False,False
ARCH_0127,0.08866666666666667,0.086,False,False
ARCH_0128,0.0,0.0,False,False
ARCH_0129,0.0,0.0,False,True
ARCH_0130,0.0,0.0,False,False
ARCH_0131,0.0,0.0,False,False
ARCH_0132,0.0003333333333333333,0.0,False,False
ARCH_0133,0.15766666666666668,0.16166666666666665,False,False
ARCH_0134,0.023,0.029,False,False
ARCH_0135,0.0,0.0,False,True
ARCH_0136,0.056666666666666664,0.052,False,False
ARCH_0137,0.0,0.0,False,True
ARCH_0138,0.0,0.0,False,False
ARCH_0139,0.0,0.0,False,False
ARCH_0140,0.04933333333333333,0.043333333333333335,False,True
ARCH_0141,1.0,1.0,True,False
ARCH_0142,0.0003333333333333333,0.0,False,True
ARCH_0143,0.0,0.0,False,False
ARCH_0144,0.0,0.0,False,False
ARCH_0145,0.5983333333333334,0.6026666666666667,True,False
ARCH_0146,0.001,0.0003333333333333333,False,False
ARCH_0147,0.604,0.5943333333333334,True,False
ARCH_0148,0.0,0.0,False,False
ARCH_0149,0.0,0.0,False,False
ARCH_0150,0.0,0.0,False,False
ARCH_0151,0.0,0.0,False,False
ARCH_0152,0.0,0.0,False,False
ARCH_0153,0.0,0.0,False,True
ARCH_0154,0.0,0.0,False,False
ARCH_0155,0.9936666666666667,0.9923333333333333,True,False
ARCH_0156,0.7213333333333334,0.6996666666666667,True,False
ARCH_0157,0.0,0.0,False,False
ARCH_0158,0.0,0.0,False,False
ARCH_0159,0.256,0.278,False,False
ARCH_0160,0.0,0.0,False,False
ARCH_0161,0.04933333333333333,0.062,False,False
ARCH_0162,0.0,0.0003333333333333333,False,False
ARCH_0163,0.0,0.0,False,False
ARCH_0164,0.0,0.0,False,False
ARCH_0165,0.004333333333333333,0.004,False,False
ARCH_0166,0.0,0.0,False,False
ARCH_0167,0.0003333333333333333,0.0003333333333333333,False,True
ARCH_0168,0.06266666666666666,0.059333333333333335,False,False
ARCH_0169,0.009333333333333334,0.008666666666666666,False,False
ARCH_0170,0.33766666666666667,0.338,False,False
ARCH_0171,0.926,0.912,True,False
ARCH_0172,0.06633333333333333,0.065,False,True
ARCH_0173,0.0,0.0,False,False
ARCH_0174,0.8896666666666667,0.878,True,False
ARCH_0175,0.0033333333333333335,0.0036666666666666666,False,False
ARCH_0176,0.587,0.5666666666666667,True,False
ARCH_0177,0.0003333333333333333,0.0,False,False
ARCH_0178,0.0,0.0,False,False
ARCH_0179,0.007,0.007,False,False
ARCH_0180,0.0,0.0,False,False
ARCH_0181,0.06766666666666667,0.063,False,False
ARCH_0182,0.0,0.0,False,False
ARCH_0183,0.0033333333333333335,0.0023333333333333335,False,False
ARCH_0184,0.0003333333333333333,0.0006666666666666666,False,False
ARCH_0185,0.001,0.0006666666666666666,False,False
ARCH_0186,0.011,0.01,False,False
ARCH_0187,0.06733333333333333,0.072,False,False
ARCH_0188,0.0,0.0,False,False
ARCH_0189,0.0,0.0,False,True
ARCH_0190,0.15466666666666667,0.17933333333333334,False,False
ARCH_0191,0.196,0.20966666666666667,False,False
ARCH_0192,0.5413333333333333,0.5503333333333333,True,False
ARCH_0193,0.09566666666666666,0.09733333333333333,False,True
ARCH_0194,0.9993333333333333,0.9996666666666667,True,False
ARCH_0195,0.05633333333333333,0.046,False,False
ARCH_0196,0.021,0.021,False,False
ARCH_0197,0.0,0.0003333333333333333,False,False
ARCH_0198,0.993,0.9943333333333333,True,False
ARCH_0199,0.324,0.3283333333333333,False,True
ARCH_0200,0.005333333333333333,0.007,False,False
ARCH_0201,0.0003333333333333333,0.0,False,False
ARCH_0202,0.0,0.0,False,True
ARCH_0203,0.0036666666666666666,0.006,False,False
ARCH_0204,0.0,0.0,False,False
ARCH_0205,0.0,0.0,False,False
ARCH_0206,0.0003333333333333333,0.0,False,False
ARCH_0207,0.0,0.0,False,False
ARCH_0208,0.017333333333333333,0.008333333333333333,False,False
ARCH_0209,0.0,0.0,False,False
ARCH_0210,0.0,0.0,False,False
ARCH_0211,0.0013333333333333333,0.0,False,False
ARCH_0212,0.0,0.0,False,True
ARCH_0213,0.884,0.8726666666666667,True,False
ARCH_0214,0.0,0.0,False,False
ARCH_0215,0.036333333333333336,0.042333333333333334,False,False
ARCH_0216,0.0003333333333333333,0.0003333333333333333,False,False
ARCH_0217,0.0,0.0,False,False
ARCH_0218,0.0003333333333333333,0.0003333333333333333,False,False
ARCH_0219,0.091,0.10666666666666667,False,False
ARCH_0220,0.0036666666666666666,0.005666666666666667,False,False
ARCH_0221,0.0,0.0,False,False
ARCH_0222,0.3383333333333333,0.33266666666666667,False,False
ARCH_0223,0.08066666666666666,0.07466666666666667,False,True
ARCH_0224,0.8836666666666667,0.8773333333333333,True,False
ARCH_0225,1.0,1.0,True,False
ARCH_0226,0.0,0.0,False,False
ARCH_0227,0.36733333333333335,0.36533333333333334,False,True
ARCH_0228,0.0,0.0,False,False
ARCH_0229,0.02033333333333333,0.021333333333333333,False,False
ARCH_0230,0.6496666666666666,0.6303333333333333,True,False
ARCH_0231,0.0,0.0,False,True
ARCH_0232,0.24466666666666667,0.231,False,False
ARCH_0233,0.464,0.44166666666666665,False,False
ARCH_0234,0.0,0.0,False,True
ARCH_0235,0.0,0.0003333333333333333,False,False
ARCH_0236,0.0,0.0,False,False
ARCH_0237,0.0,0.0,False,False
ARCH_0238,0.024333333333333332,0.027,False,True
ARCH_0239,0.0,0.0,False,False
ARCH_0240,0.0,0.0,False,False
ARCH_0241,0.29933333333333334,0.303,False,False
ARCH_0242,0.0,0.0,False,False
ARCH_0243,0.0033333333333333335,0.004,False,False
ARCH_0244,0.003,0.0026666666666666666,False,False
ARCH_0245,0.007666666666666666,0.005333333333333333,False,True
ARCH_0246,1.0,1.0,True,False
ARCH_0247,0.7726666666666666,0.763,True,False
ARCH_0248,0.0,0.0,False,False
ARCH_0249,0.9996666666666667,0.9993333333333333,True,False
ARCH_0250,0.962,0.9616666666666667,True,False
ARCH_0251,0.0,0.0,False,False
ARCH_0252,0.07433333333333333,0.08,False,False
ARCH_0253,0.135,0.11533333333333333,False,True
ARCH_0254,0.014,0.017,False,False
ARCH_0255,0.0016666666666666668,0.0013333333333333333,False,False
ARCH_0256,0.001,0.0033333333333333335,False,False
ARCH_0257,0.005666666666666667,0.005,False,False
ARCH_0258,0.022,0.02033333333333333,False,True
ARCH_0259,0.0013333333333333333,0.002,False,False
ARCH_0260,0.008333333333333333,0.006,False,False
ARCH_0261,0.002,0.002,False,False
ARCH_0262,0.0006666666666666666,0.0,False,False
ARCH_0263,0.3486666666666667,0.335,False,False
ARCH_0264,0.022333333333333334,0.025333333333333333,False,True
ARCH_0265,0.0,0.0,False,False
ARCH_0266,0.0,0.0,False,False
ARCH_0267,0.0,0.0,False,False
ARCH_0268,0.7996666666666666,0.8056666666666666,True,False
ARCH_0269,0.0003333333333333333,0.0,False,False
ARCH_0270,0.0,0.0,False,False
ARCH_0271,0.0,0.0,False,False
ARCH_0272,0.0,0.0,False,False
ARCH_0273,0.123,0.13066666666666665,False,False
ARCH_0274,0.6366666666666667,0.6456666666666667,True,False
ARCH_0275,0.373,0.37266666666666665,False,False
ARCH_0276,0.048,0.04666666666666667,False,False
ARCH_0277,0.4136666666666667,0.4086666666666667,False,False
ARCH_0278,0.0,0.0,False,False
ARCH_0279,0.19366666666666665,0.20466666666666666,False,False
ARCH_0280,0.037,0.04,False,True
ARCH_0281,0.057666666666666665,0.05533333333333333,False,False
ARCH_0282,0.04666666666666667,0.04933333333333333,False,False
ARCH_0283,0.06666666666666667,0.06633333333333333,False,False
ARCH_0284,0.005,0.007,False,False
ARCH_0285,0.585,0.5843333333333334,True,False
ARCH_0286,0.012,0.013666666666666667,False,False
ARCH_0287,0.0,0.0006666666666666666,False,True
ARCH_0288,0.8736666666666667,0.876,True,False
ARCH_0289,0.7883333333333333,0.7976666666666666,True,False
ARCH_0290,0.0,0.0,False,False
ARCH_0291,0.0,0.0,False,False
ARCH_0292,0.0023333333333333335,0.001,False,False
ARCH_0293,0.0,0.0,False,True
ARCH_0294,0.06166666666666667,0.06633333333333333,False,False
ARCH_0295,0.6983333333333334,0.6893333333333334,True,False
ARCH_0296,0.014666666666666666,0.015333333333333332,False,False
ARCH_0297,0.001,0.0003333333333333333,False,False
ARCH_0298,0.018333333333333333,0.011666666666666667,False,False
ARCH_0299,0.02033333333333333,0.018,False,False
ARCH_0300,0.981,0.9833333333333333,True,False
ARCH_0301,0.159,0.162,False,False
ARCH_0302,0.4226666666666667,0.4196666666666667,False,False
ARCH_0303,0.0,0.001,False,False
ARCH_0304,0.0,0.0,False,True
ARCH_0305,0.019666666666666666,0.016,False,False
ARCH_0306,0.012666666666666666,0.015,False,True
ARCH_0307,0.0,0.0,False,False
ARCH_0308,0.052333333333333336,0.05466666666666667,False,False
ARCH_0309,0.0,0.0,False,True
ARCH_0310,0.0,0.0,False,False
ARCH_0311,0.188,0.18933333333333333,False,False
ARCH_0312,0.0,0.0,False,False
ARCH_0313,0.0,0.0,False,False
ARCH_0314,0.251,0.24966666666666668,False,False
ARCH_0315,0.16766666666666666,0.18033333333333335,False,False
ARCH_0316,0.16466666666666666,0.184,False,False
ARCH_0317,0.0016666666666666668,0.0013333333333333333,False,False
ARCH_0318,0.0,0.0,False,False
ARCH_0319,0.001,0.0013333333333333333,False,True
ARCH_0320,0.0013333333333333333,0.004333333333333333,False,False
ARCH_0321,0.058666666666666666,0.06866666666666667,False,False
ARCH_0322,0.14233333333333334,0.139,False,True
ARCH_0323,0.089,0.09366666666666666,False,False
ARCH_0324,0.20766666666666667,0.215,False,False
ARCH_0325,0.030333333333333334,0.02266666666666667,False,False
ARCH_0326,0.0,0.0,False,False
ARCH_0327,0.0033333333333333335,0.0036666666666666666,False,False
ARCH_0328,0.061,0.06233333333333333,False,False
ARCH_0329,0.17066666666666666,0.18666666666666668,False,False
ARCH_0330,0.264,0.26966666666666667,False,False
ARCH_0331,0.0,0.0,False,False
ARCH_0332,0.948,0.9583333333333334,True,False
ARCH_0333,0.005,0.004,False,False
ARCH_0334,0.201,0.21166666666666667,False,False
ARCH_0335,0.001,0.0016666666666666668,False,False
ARCH_0336,0.06566666666666666,0.06666666666666667,False,False
ARCH_0337,0.0003333333333333333,0.001,False,True
ARCH_0338,0.8666666666666667,0.8593333333333333,True,False
ARCH_0339,0.0003333333333333333,0.0013333333333333333,False,False
ARCH_0340,0.016,0.021333333333333333,False,False
ARCH_0341,0.0003333333333333333,0.0016666666666666668,False,False
ARCH_0342,0.0006666666666666666,0.0003333333333333333,False,True
ARCH_0343,0.0,0.0,False,False
ARCH_0344,0.004333333333333333,0.005333333333333333,False,False
ARCH_0345,0.6306666666666667,0.6186666666666667,True,False
ARCH_0346,0.088,0.08866666666666667,False,False
ARCH_0347,0.0,0.0,False,False
ARCH_0348,0.008666666666666666,0.008,False,False
ARCH_0349,0.0033333333333333335,0.0036666666666666666,False,False
ARCH_0350,0.6343333333333333,0.632,True,False
ARCH_0351,0.047,0.046,False,False
ARCH_0352,0.0,0.0,False,False
ARCH_0353,0.0003333333333333333,0.0,False,False
ARCH_0354,0.762,0.7706666666666667,True,False
ARCH_0355,0.0,0.0,False,False
ARCH_0356,0.0,0.0,False,False
ARCH_0357,0.0,0.0003333333333333333,False,False
ARCH_0358,0.0003333333333333333,0.0003333333333333333,False,True
ARCH_0359,0.02033333333333333,0.016,False,True
ARCH_0360,0.004,0.0026666666666666666,False,True
ARCH_0361,0.0006666666666666666,0.0,False,False
ARCH_0362,0.22066666666666668,0.229,False,False
ARCH_0363,0.04933333333333333,0.043333333333333335,False,False
ARCH_0364,0.04033333333333333,0.042666666666666665,False,False
ARCH_0365,0.0,0.0,False,True
ARCH_0366,0.07566666666666666,0.081,False,False
ARCH_0367,0.0003333333333333333,0.0,False,False
ARCH_0368,0.001,0.0016666666666666668,False,True
ARCH_0369,0.0,0.0,False,True
ARCH_0370,0.7296666666666667,0.7153333333333334,True,False
ARCH_0371,0.0003333333333333333,0.002,False,True
ARCH_0372,0.006,0.01,False,False
ARCH_0373,0.109,0.11933333333333333,False,False
ARCH_0374,0.0023333333333333335,0.003,False,True
ARCH_0375,0.0003333333333333333,0.0003333333333333333,False,False
ARCH_0376,0.0,0.0,False,False
ARCH_0377,0.043333333333333335,0.042333333333333334,False,False
ARCH_0378,0.0023333333333333335,0.0033333333333333335,False,False
ARCH_0379,0.67,0.6776666666666666,True,False
ARCH_0380,0.0,0.0,False,False
ARCH_0381,0.714,0.7093333333333334,True,False
ARCH_0382,0.744,0.732,True,False
ARCH_0383,0.0033333333333333335,0.0033333333333333335,False,False
ARCH_0384,0.048666666666666664,0.04766666666666667,False,False
ARCH_0385,0.131,0.12533333333333332,False,False
ARCH_0386,0.122,0.10933333333333334,False,False
ARCH_0387,0.7156666666666667,0.724,True,False
ARCH_0388,0.05333333333333334,0.06066666666666667,False,False
ARCH_0389,0.0006666666666666666,0.0003333333333333333,False,False
ARCH_0390,0.3393333333333333,0.35,False,False
ARCH_0391,0.004666666666666667,0.0023333333333333335,False,False
ARCH_0392,0.45,0.44533333333333336,False,False
ARCH_0393,0.40166666666666667,0.39266666666666666,False,False
ARCH_0394,0.009666666666666667,0.01,False,False
ARCH_0395,0.23433333333333334,0.23066666666666666,False,False
ARCH_0396,0.0016666666666666668,0.006,False,False
ARCH_0397,0.14966666666666667,0.146,False,True
ARCH_0398,0.0016666666666666668,0.0016666666666666668,False,False
ARCH_0399,0.0,0.0003333333333333333,False,False
ARCH_0400,0.24033333333333334,0.25633333333333336,False,False
ARCH_0401,0.03833333333333333,0.046,False,False
ARCH_0402,0.0,0.001,False,False
ARCH_0403,0.236,0.22633333333333333,False,True
ARCH_0404,0.0,0.0,False,False
ARCH_0405,0.17766666666666667,0.17066666666666666,False,False
ARCH_0406,0.0,0.0,False,False
ARCH_0407,0.019,0.018,False,False
ARCH_0408,0.027666666666666666,0.027333333333333334,False,False
ARCH_0409,0.27366666666666667,0.29633333333333334,False,True
ARCH_0410,0.001,0.0013333333333333333,False,False
ARCH_0411,0.04033333333333333,0.041666666666666664,False,False
ARCH_0412,0.069,0.073,False,False
ARCH_0413,0.0003333333333333333,0.002,False,False
ARCH_0414,0.8293333333333334,0.8226666666666667,True,False
ARCH_0415,0.011333333333333334,0.009666666666666667,False,False
ARCH_0416,0.0016666666666666668,0.003,False,False
ARCH_0417,0.0,0.0,False,False
ARCH_0418,0.0016666666666666668,0.0036666666666666666,False,False
ARCH_0419,0.0003333333333333333,0.0003333333333333333,False,False
ARCH_0420,0.0016666666666666668,0.0023333333333333335,False,True
ARCH_0421,0.014666666666666666,0.018333333333333333,False,False
ARCH_0422,0.0,0.0,False,True
ARCH_0423,0.6933333333333334,0.7033333333333334,True,False
ARCH_0424,0.08566666666666667,0.08466666666666667,False,False
ARCH_0425,0.014666666666666666,0.013333333333333334,False,False
ARCH_0426,0.06733333333333333,0.06466666666666666,False,False
ARCH_0427,0.0,0.0,False,False
ARCH_0428,0.0,0.0,False,True
ARCH_0429,0.0006666666666666666,0.001,False,False
ARCH_0430,0.09833333333333333,0.09866666666666667,False,False
ARCH_0431,0.21266666666666667,0.21766666666666667,False,False
ARCH_0432,0.0006666666666666666,0.001,False,False
ARCH_0433,0.0,0.0,False,False
ARCH_0434,0.14966666666666667,0.16966666666666666,False,False
ARCH_0435,0.0,0.0,False,False
ARCH_0436,0.050333333333333334,0.058666666666666666,False,False
ARCH_0437,0.0,0.0003333333333333333,False,False
ARCH_0438,0.391,0.372,False,False
ARCH_0439,0.001,0.0016666666666666668,False,False
ARCH_0440,0.0003333333333333333,0.0003333333333333333,False,False
ARCH_0441,0.0,0.0,False,False
ARCH_0442,0.485,0.471,False,False
ARCH_0443,0.07366666666666667,0.079,False,False
ARCH_0444,0.03333333333333333,0.033666666666666664,False,False
ARCH_0445,0.007,0.005666666666666667,False,False
ARCH_0446,0.0,0.0,False,False
ARCH_0447,0.25366666666666665,0.26033333333333336,False,False
ARCH_0448,0.09766666666666667,0.092,False,True
ARCH_0449,0.009666666666666667,0.012333333333333333,False,False
ARCH_0450,0.04533333333333334,0.049,False,False
ARCH_0451,0.021666666666666667,0.026333333333333334,False,False
ARCH_0452,0.7363333333333333,0.7393333333333333,True,False
ARCH_0453,0.058666666666666666,0.057666666666666665,False,False
ARCH_0454,0.016,0.017,False,False
ARCH_0455,0.16433333333333333,0.16266666666666665,False,False
ARCH_0456,0.0006666666666666666,0.0006666666666666666,False,False
ARCH_0457,0.906,0.8966666666666666,True,False
ARCH_0458,0.0013333333333333333,0.0023333333333333335,False,False
ARCH_0459,0.002,0.0033333333333333335,False,False
ARCH_0460,0.6143333333333333,0.629,True,False
ARCH_0461,0.05566666666666667,0.06066666666666667,False,False
ARCH_0462,0.208,0.212,False,False
ARCH_0463,0.9293333333333333,0.914,True,False
ARCH_0464,0.895,0.8883333333333333,True,False
ARCH_0465,0.0023333333333333335,0.003,False,False
ARCH_0466,0.0,0.0,False,False
ARCH_0467,0.0,0.0,False,False
ARCH_0468,0.20833333333333334,0.22833333333333333,False,False
ARCH_0469,0.029,0.027666666666666666,False,False
ARCH_0470,0.0013333333333333333,0.001,False,False
ARCH_0471,0.8346666666666667,0.8336666666666667,True,False
ARCH_0472,0.7246666666666667,0.7223333333333334,True,False
ARCH_0473,0.0,0.0,False,False
ARCH_0474,0.442,0.45566666666666666,False,False
ARCH_0475,0.0003333333333333333,0.0003333333333333333,False,False
ARCH_0476,0.9506666666666667,0.9536666666666667,True,False
ARCH_0477,0.803,0.8026666666666666,True,False
ARCH_0478,0.0006666666666666666,0.002,False,False
ARCH_0479,0.003,0.0036666666666666666,False,False
ARCH_0480,0.0,0.0003333333333333333,False,True
ARCH_0481,0.15366666666666667,0.16,False,False
ARCH_0482,0.701,0.703,True,False
ARCH_0483,0.8546666666666667,0.8616666666666667,True,False
ARCH_0484,0.357,0.36766666666666664,False,True
ARCH_0485,0.0003333333333333333,0.0006666666666666666,False,False
ARCH_0486,0.010333333333333333,0.015666666666666666,False,True
ARCH_0487,0.0,0.0,False,True
ARCH_0488,0.13066666666666665,0.14333333333333334,False,False
ARCH_0489,0.0006666666666666666,0.0006666666666666666,False,True
ARCH_0490,0.483,0.477,False,False
ARCH_0491,0.001,0.0,False,False
ARCH_0492,0.012,0.015333333333333332,False,False
ARCH_0493,0.0003333333333333333,0.0,False,False
ARCH_0494,0.05333333333333334,0.049,False,False
ARCH_0495,0.0,0.0,False,False
ARCH_0496,0.001,0.0003333333333333333,False,False
ARCH_0497,0.013666666666666667,0.012666666666666666,False,False
ARCH_0498,0.004333333333333333,0.0026666666666666666,False,False
ARCH_0499,0.4696666666666667,0.472,False,True
ARCH_0500,0.004666666666666667,0.006,False,False
ARCH_0501,0.0,0.0,False,True
ARCH_0502,0.034333333333333334,0.037,False,False
ARCH_0503,0.7343333333333333,0.731,True,False
ARCH_0504,0.028333333333333332,0.025333333333333333,False,True
ARCH_0505,0.0,0.0,False,False
ARCH_0506,0.2976666666666667,0.30133333333333334,False,False
ARCH_0507,0.8683333333333333,0.8736666666666667,True,False
ARCH_0508,0.086,0.078,False,False
ARCH_0509,0.09433333333333334,0.093,False,False
ARCH_0510,0.15866666666666668,0.16066666666666668,False,False
ARCH_0511,0.06866666666666667,0.07,False,False
ARCH_0512,0.328,0.35333333333333333,False,False
ARCH_0513,0.018333333333333333,0.019333333333333334,False,False
ARCH_0514,0.051333333333333335,0.054,False,False
ARCH_0515,0.041666666666666664,0.042333333333333334,False,False
ARCH_0516,0.0,0.0,False,False
ARCH_0517,0.781,0.778,True,False
ARCH_0518,0.6033333333333334,0.6043333333333333,True,False
ARCH_0519,0.094,0.10166666666666667,False,False
ARCH_0520,0.078,0.08333333333333333,False,False
ARCH_0521,0.36566666666666664,0.3606666666666667,False,False
ARCH_0522,0.28633333333333333,0.2853333333333333,False,True
ARCH_0523,0.14,0.15633333333333332,False,False
ARCH_0524,0.0003333333333333333,0.0,False,True
ARCH_0525,0.007333333333333333,0.011333333333333334,False,False
ARCH_0526,0.042666666666666665,0.05266666666666667,False,False
ARCH_0527,0.712,0.7176666666666667,True,False
ARCH_0528,0.02033333333333333,0.01633333333333333,False,False
ARCH_0529,0.8436666666666667,0.833,True,False
ARCH_0530,0.021666666666666667,0.023333333333333334,False,False
ARCH_0531,0.14966666666666667,0.166,False,False
ARCH_0532,0.2796666666666667,0.286,False,False
ARCH_0533,0.818,0.807,True,False
ARCH_0534,0.0,0.0006666666666666666,False,False
ARCH_0535,0.25233333333333335,0.261,False,False
ARCH_0536,0.844,0.8193333333333334,True,False
ARCH_0537,0.96,0.9676666666666667,True,False
ARCH_0538,0.3473333333333333,0.348,False,True
ARCH_0539,0.010666666666666666,0.008666666666666666,False,False
ARCH_0540,0.2713333333333333,0.284,False,True
ARCH_0541,0.16666666666666666,0.169,False,False
ARCH_0542,0.5686666666666667,0.5686666666666667,True,False
ARCH_0543,0.864,0.8643333333333333,True,False
ARCH_0544,0.651,0.646,True,False
ARCH_0545,0.7693333333333333,0.7683333333333333,True,False
ARCH_0546,0.593,0.575,True,False
ARCH_0547,0.0013333333333333333,0.001,False,True
ARCH_0548,0.0026666666666666666,0.006666666666666667,False,False
ARCH_0549,0.366,0.3586666666666667,False,False
ARCH_0550,0.015333333333333332,0.02033333333333333,False,False
ARCH_0551,0.0006666666666666666,0.0026666666666666666,False,True
ARCH_0552,0.014666666666666666,0.021333333333333333,False,True
ARCH_0553,0.08933333333333333,0.095,False,False
ARCH_0554,0.822,0.8113333333333334,True,False
ARCH_0555,0.12866666666666668,0.12233333333333334,False,False
ARCH_0556,0.3446666666666667,0.352,False,False
ARCH_0557,0.9826666666666667,0.98,True,False
ARCH_0558,0.027,0.028333333333333332,False,False
ARCH_0559,0.019,0.024,False,True
ARCH_0560,0.008,0.011333333333333334,False,False
ARCH_0561,0.0003333333333333333,0.0006666666666666666,False,False
ARCH_0562,0.185,0.188,False,False
ARCH_0563,0.013666666666666667,0.019,False,False
ARCH_0564,0.0,0.0,False,False
ARCH_0565,0.5063333333333333,0.532,True,False
ARCH_0566,0.0,0.0,False,False
ARCH_0567,0.06466666666666666,0.06266666666666666,False,False
ARCH_0568,0.2613333333333333,0.262,False,False
ARCH_0569,0.09366666666666666,0.09766666666666667,False,False
ARCH_0570,0.686,0.6933333333333334,True,False
ARCH_0571,0.5366666666666666,0.5356666666666666,True,False
ARCH_0572,0.10966666666666666,0.11266666666666666,False,False
ARCH_0573,0.09766666666666667,0.099,False,False
ARCH_0574,0.139,0.14566666666666667,False,True
ARCH_0575,0.01,0.008333333333333333,False,False
ARCH_0576,0.085,0.08766666666666667,False,False
ARCH_0577,0.008666666666666666,0.017333333333333333,False,False
ARCH_0578,0.112,0.119,False,False
ARCH_0579,0.291,0.29733333333333334,False,False
ARCH_0580,0.0,0.0,False,False
ARCH_0581,0.6093333333333333,0.614,True,False
ARCH_0582,0.707,0.7043333333333334,True,False
ARCH_0583,0.008333333333333333,0.009333333333333334,False,False
ARCH_0584,0.041666666666666664,0.049,False,True
ARCH_0585,0.8006666666666666,0.7953333333333333,True,False
ARCH_0586,0.0013333333333333333,0.003,False,False
ARCH_0587,0.003,0.002,False,False
ARCH_0588,0.139,0.13966666666666666,False,True
ARCH_0589,0.22466666666666665,0.221,False,True
ARCH_0590,0.939,0.9323333333333333,True,False
ARCH_0591,0.266,0.268,False,False
ARCH_0592,0.40166666666666667,0.3933333333333333,False,False
ARCH_0593,0.24133333333333334,0.23833333333333334,False,False
ARCH_0594,0.052,0.05633333333333333,False,False
ARCH_0595,0.007,0.0036666666666666666,False,True
ARCH_0596,0.2833333333333333,0.2783333333333333,False,False
ARCH_0597,0.0,0.0,False,False
ARCH_0598,0.004,0.0023333333333333335,False,False
ARCH_0599,0.007,0.0033333333333333335,False,False
ARCH_0600,0.013333333333333334,0.021333333333333333,False,False
