contrast,method,unit,n,estimate,ci_low,ci_high,p,note
A−C,"ratings: participant-level mean difference, one-sample t",participants (≥3 ratings per condition),158,0.10367118700003977,0.029113408512298253,0.17822896548778128,0.0067282224415553225,d_z +0.218
BASE−C,"ratings: participant-level mean difference, one-sample t",participants (≥3 ratings per condition),158,0.14009173632985125,0.0683614341453402,0.21182203851436232,0.0001667751344072064,d_z +0.307
A−BASE,"ratings: participant-level mean difference, one-sample t",participants (≥3 ratings per condition),158,-0.036420549329811445,-0.10752786641658418,0.034686767756961286,0.3132502089057603,d_z -0.080
A−C,"ratings: linear mixed model, crossed random intercepts (participant + prompt×seed cell + image), linear contrast","ratings (9,413)",9413,0.10109446096797606,0.016014202211984574,0.18617471972396754,0.01986328720933761,"REML, converged True; variance components {'cell': 0.4354973645576159, 'image': 0.07044315340328548, 'participant': 1.0499656540481437}; residual 1.5431; contrast SE from the coefficient covariance matrix"
BASE−C,"ratings: linear mixed model, crossed random intercepts (participant + prompt×seed cell + image), linear contrast","ratings (9,413)",9413,0.13438852118883646,0.04933785436620361,0.2194391880114693,0.0019549308100808137,"REML, converged True; variance components {'cell': 0.4354973645576159, 'image': 0.07044315340328548, 'participant': 1.0499656540481437}; residual 1.5431; contrast SE from the coefficient covariance matrix"
A−BASE,"ratings: linear mixed model, crossed random intercepts (participant + prompt×seed cell + image), linear contrast","ratings (9,413)",9413,-0.0332940602208604,-0.11843614568480572,0.05184802524308492,0.4434141343442435,"REML, converged True; variance components {'cell': 0.4354973645576159, 'image': 0.07044315340328548, 'participant': 1.0499656540481437}; residual 1.5431; contrast SE from the coefficient covariance matrix"
A−C,ratings: two-way (participant × prompt) pigeonhole bootstrap of the participant-level mean difference,participants × prompts,158 × 48,0.10367118700003977,-0.019249367725990188,0.23664958366141775,,2000 usable replicates of 2000; replicates with no eligible participant: 0; mean drawn participants dropped for lacking one condition: 0.00; outer mean weighted by participant multiplicity; same replicates for the three contrasts
BASE−C,ratings: two-way (participant × prompt) pigeonhole bootstrap of the participant-level mean difference,participants × prompts,158 × 48,0.14009173632985125,0.00016008504424402782,0.2780010834617848,,2000 usable replicates of 2000; replicates with no eligible participant: 0; mean drawn participants dropped for lacking one condition: 0.00; outer mean weighted by participant multiplicity; same replicates for the three contrasts
A−BASE,ratings: two-way (participant × prompt) pigeonhole bootstrap of the participant-level mean difference,participants × prompts,158 × 48,-0.036420549329811445,-0.16237241513729547,0.10012002230046041,,2000 usable replicates of 2000; replicates with no eligible participant: 0; mean drawn participants dropped for lacking one condition: 0.00; outer mean weighted by participant multiplicity; same replicates for the three contrasts
A−C,"pairs: Bradley–Terry odds ratio (decisive choices), cluster-robust by participant",decisive comparisons,4010,1.089859821230168,0.9847665653161743,1.206168519288116,0.09569509725135157,OR; ties excluded; left-position intercept
BASE−C,"pairs: Bradley–Terry odds ratio (decisive choices), cluster-robust by participant",decisive comparisons,4010,1.1334143303588653,1.0384812468728601,1.2370257509523521,0.005298189218700658,OR; ties excluded; left-position intercept
A−BASE,"pairs: Bradley–Terry odds ratio (decisive choices), cluster-robust by participant",decisive comparisons,4010,0.9615722971184711,0.8742324948608132,1.057637742844256,0.4175560857563208,OR; ties excluded; left-position intercept
A−C,"pairs: Davidson model with ties, cluster-robust by participant",answered comparisons (incl. ties),4736,1.089370347547138,0.9849169153306214,1.204901383703625,0.09545870385980754,OR; tie parameter ν = 0.362; contrasts from the coefficient covariance
BASE−C,"pairs: Davidson model with ties, cluster-robust by participant",answered comparisons (incl. ties),4736,1.1331485868998543,1.0381912467257552,1.2367911249904036,0.0054052029531710295,OR; tie parameter ν = 0.362; contrasts from the coefficient covariance
A−BASE,"pairs: Davidson model with ties, cluster-robust by participant",answered comparisons (incl. ties),4736,0.961365843933594,0.8735929561527388,1.0579575755193706,0.4175331946603855,OR; tie parameter ν = 0.362; contrasts from the coefficient covariance
A−C,"pairs: Davidson odds ratio, two-way (participant × prompt) pigeonhole bootstrap",participants × prompts,158 × 48,1.089370347547138,0.908891282596914,1.3057977460722971,,2000 replicates; weights in the likelihood; same replicates for the three contrasts
BASE−C,"pairs: Davidson odds ratio, two-way (participant × prompt) pigeonhole bootstrap",participants × prompts,158 × 48,1.1331485868998543,0.9435095140645007,1.35676475843144,,2000 replicates; weights in the likelihood; same replicates for the three contrasts
A−BASE,"pairs: Davidson odds ratio, two-way (participant × prompt) pigeonhole bootstrap",participants × prompts,158 × 48,0.961365843933594,0.7953196961842707,1.1486808776126782,,2000 replicates; weights in the likelihood; same replicates for the three contrasts
A−C,pairs: exact binomial on decisive choices (marginal),decisive comparisons of the pair,1320,0.5128787878787879,0.48553263367242794,0.5401674826601708,0.3637276592698941,677/1320 first condition chosen; Clopper–Pearson; assumes independent comparisons: does NOT account for repeated participants/prompts and does not replace the clustered inference
BASE−C,pairs: exact binomial on decisive choices (marginal),decisive comparisons of the pair,1349,0.5396590066716086,0.5126288161102666,0.5665160810577935,0.0038852257072073664,728/1349 first condition chosen; Clopper–Pearson; assumes independent comparisons: does NOT account for repeated participants/prompts and does not replace the clustered inference
A−BASE,pairs: exact binomial on decisive choices (marginal),decisive comparisons of the pair,1341,0.4988814317673378,0.47177495799432645,0.5259928173024493,0.9564475195073397,669/1341 first condition chosen; Clopper–Pearson; assumes independent comparisons: does NOT account for repeated participants/prompts and does not replace the clustered inference
